SAP,month_year,Consumo Total,temporada_pesca,pico_pre_temporada,mes,anio,consumo_lag_1,consumo_lag_3,consumo_lag_12,consumo_rolling_mean_3,consumo_rolling_std_3
A18110000362,2022-06-01,1.0,1,0,6,2022,0.0,0.0,0.0,0.0,0.0
A18110000362,2022-07-01,1.0,0,0,7,2022,1.0,0.0,0.0,1.0,0.0
A18110000362,2022-08-01,1.0,0,0,8,2022,1.0,0.0,0.0,1.0,0.0
A18110000362,2022-09-01,2.0,0,1,9,2022,1.0,1.0,0.0,1.0,0.0
A18110000362,2022-10-01,1.0,0,1,10,2022,2.0,1.0,0.0,1.3333333333333333,0.5773502691896258
A18110000362,2023-01-01,1.0,0,0,1,2023,1.0,1.0,0.0,1.3333333333333333,0.5773502691896258
A18110000362,2023-03-01,3.0,0,1,3,2023,1.0,2.0,0.0,1.3333333333333333,0.5773502691896258
A18110000362,2024-01-01,1.0,0,0,1,2024,3.0,1.0,0.0,1.6666666666666667,1.1547005383792517
A18110000362,2024-05-01,1.0,1,0,5,2024,1.0,1.0,0.0,1.6666666666666667,1.1547005383792517
A18110000362,2024-08-01,1.0,0,0,8,2024,1.0,3.0,0.0,1.6666666666666667,1.1547005383792517
A18110000362,2024-09-01,2.0,0,1,9,2024,1.0,1.0,0.0,1.0,0.0
A18110000362,2024-11-01,1.0,1,0,11,2024,2.0,1.0,0.0,1.3333333333333333,0.5773502691896258
A18110000362,2025-05-01,2.0,1,0,5,2025,1.0,1.0,1.0,1.3333333333333333,0.5773502691896258
A18110000362,2025-08-01,1.0,0,0,8,2025,2.0,2.0,1.0,1.6666666666666667,0.5773502691896258
A18110000362,2025-09-01,1.0,0,1,9,2025,1.0,1.0,1.0,1.3333333333333333,0.5773502691896258
A18110001067,2024-03-01,12.0,0,1,3,2024,0.0,0.0,0.0,1.5,0.7071067811865477
A18110001067,2024-04-01,3.0,1,0,4,2024,12.0,0.0,0.0,6.5,7.7781745930520225
A18110001067,2024-05-01,1.0,1,0,5,2024,3.0,0.0,0.0,7.5,6.363961030678928
A18110001067,2024-06-01,3.0,1,0,6,2024,1.0,12.0,0.0,5.333333333333333,5.8594652770823155
A18110001067,2024-09-01,2.0,0,1,9,2024,3.0,3.0,0.0,2.3333333333333335,1.1547005383792543
A18110001067,2024-10-01,3.0,0,1,10,2024,2.0,1.0,0.0,2.0,1.0000000000000036
A18110001067,2025-01-01,1.0,0,0,1,2025,3.0,3.0,0.0,2.6666666666666665,0.577350269189631
A18110001067,2025-02-01,1.0,0,1,2,2025,1.0,2.0,0.0,2.0,1.0000000000000036
A18110001067,2025-03-01,2.0,0,1,3,2025,1.0,3.0,0.0,1.6666666666666667,1.1547005383792548
A18110001067,2025-04-01,6.0,1,0,4,2025,2.0,1.0,0.0,1.3333333333333333,0.577350269189633
A18110001067,2025-06-01,1.0,1,0,6,2025,6.0,1.0,0.0,3.0,2.6457513110645916
A18110001067,2025-09-01,4.0,0,1,9,2025,1.0,2.0,0.0,3.0,2.6457513110645916
A18110001067,2025-10-01,2.0,0,1,10,2025,4.0,6.0,12.0,3.6666666666666665,2.516611478423584
A18110002547,2022-06-01,2.0,1,0,6,2022,0.0,0.0,0.0,2.5,2.121320343559645
A18110002547,2022-07-01,1.0,0,0,7,2022,2.0,0.0,0.0,3.0,1.4142135623730983
A18110002547,2022-08-01,0.0,0,0,8,2022,1.0,0.0,0.0,1.5,0.7071067811865576
A18110002547,2022-09-01,1.0,0,1,9,2022,0.0,2.0,0.0,1.0,1.000000000000004
A18110002547,2023-04-01,2.0,1,0,4,2023,1.0,1.0,0.0,0.6666666666666666,0.5773502691896331
A18110002547,2023-05-01,1.0,1,0,5,2023,2.0,0.0,0.0,1.0,1.000000000000004
A18110002547,2023-06-01,1.0,1,0,6,2023,1.0,1.0,0.0,1.3333333333333333,0.5773502691896323
A18110002547,2023-07-01,1.0,0,0,7,2023,1.0,2.0,0.0,1.3333333333333333,0.5773502691896323
A18110002547,2023-08-01,1.0,0,0,8,2023,1.0,1.0,0.0,1.0,0.0
A18110002547,2023-09-01,2.0,0,1,9,2023,1.0,1.0,0.0,1.0,0.0
A18110002547,2023-10-01,2.0,0,1,10,2023,2.0,1.0,0.0,1.3333333333333333,0.5773502691896323
A18110002547,2023-11-01,4.0,1,0,11,2023,2.0,1.0,0.0,1.6666666666666667,0.5773502691896321
A18110002547,2024-10-01,1.0,0,1,10,2024,4.0,2.0,2.0,2.6666666666666665,1.1547005383792543
A18110002547,2024-12-01,2.0,1,0,12,2024,1.0,2.0,1.0,2.3333333333333335,1.5275252316519488
A18110002547,2025-02-01,3.0,0,1,2,2025,2.0,4.0,0.0,2.3333333333333335,1.5275252316519488
A18110002547,2025-03-01,1.0,0,1,3,2025,3.0,1.0,1.0,2.0,1.0000000000000033
A18110002547,2025-04-01,0.0,1,0,4,2025,1.0,2.0,2.0,2.0,1.0000000000000033
A18110002547,2025-05-01,1.0,1,0,5,2025,0.0,3.0,1.0,1.3333333333333333,1.527525231651949
A18110002547,2025-06-01,1.0,1,0,6,2025,1.0,1.0,1.0,0.6666666666666666,0.5773502691896318
A18110002547,2025-07-01,0.0,0,0,7,2025,1.0,0.0,1.0,0.6666666666666666,0.5773502691896318
A18110002547,2025-10-01,1.0,0,1,10,2025,0.0,1.0,1.0,0.6666666666666666,0.5773502691896318
A18110008772,2022-01-01,1.0,0,0,1,2022,0.0,0.0,0.0,0.5,0.7071067811865575
A18110008772,2022-03-01,6.0,0,1,3,2022,1.0,0.0,0.0,0.5,0.7071067811865575
A18110008772,2022-06-01,2.0,1,0,6,2022,6.0,0.0,0.0,3.5,3.5355339059327395
A18110008772,2022-09-01,2.0,0,1,9,2022,2.0,1.0,0.0,3.0,2.645751311064592
A18110008772,2022-10-01,1.0,0,1,10,2022,2.0,6.0,0.0,3.3333333333333335,2.3094010767585047
A18110008772,2023-08-01,8.0,0,0,8,2023,1.0,2.0,0.0,1.6666666666666667,0.5773502691896327
A18110008772,2023-09-01,14.0,0,1,9,2023,8.0,2.0,0.0,3.6666666666666665,3.7859388972001837
A18110008772,2023-11-01,3.0,1,0,11,2023,14.0,1.0,0.0,7.666666666666667,6.5064070986477125
A18110008772,2023-12-01,2.0,1,0,12,2023,3.0,8.0,0.0,8.333333333333334,5.507570547286104
A18110008772,2024-03-01,4.0,0,1,3,2024,2.0,14.0,0.0,6.333333333333333,6.658328118479394
A18110008772,2024-04-01,2.0,1,0,4,2024,4.0,3.0,0.0,3.0,1.0000000000000138
A18110008772,2024-07-01,2.0,0,0,7,2024,2.0,2.0,0.0,2.6666666666666665,1.1547005383792637
A18110008772,2024-08-01,2.0,0,0,8,2024,2.0,4.0,1.0,2.6666666666666665,1.1547005383792637
A18110008772,2024-09-01,14.0,0,1,9,2024,2.0,2.0,6.0,2.0,0.0
A18110008772,2025-03-01,6.0,0,1,3,2025,14.0,2.0,2.0,6.0,6.9282032302755105
A18110008772,2025-09-01,2.0,0,1,9,2025,6.0,2.0,2.0,7.333333333333333,6.110100926607788
A18110008863,2022-02-01,0.0,0,1,2,2022,0.0,0.0,0.0,10.0,5.6568542494923815
A18110008863,2022-03-01,3.0,0,1,3,2022,0.0,0.0,0.0,3.0,4.242640687119293
A18110008863,2022-08-01,14.0,0,0,8,2022,3.0,0.0,0.0,1.5,2.12132034355966
A18110008863,2023-02-01,3.0,0,1,2,2023,14.0,0.0,0.0,5.666666666666667,7.371114795831995
A18110008863,2023-05-01,2.0,1,0,5,2023,3.0,3.0,0.0,6.666666666666667,6.350852961085885
A18110008863,2023-07-01,3.0,0,0,7,2023,2.0,14.0,0.0,6.333333333333333,6.658328118479394
A18110008863,2024-01-01,3.0,0,0,1,2024,3.0,3.0,0.0,2.6666666666666665,0.57735026918965
A18110008863,2024-03-01,3.0,0,1,3,2024,3.0,2.0,0.0,2.6666666666666665,0.57735026918965
A18110008863,2024-06-01,2.0,1,0,6,2024,3.0,3.0,0.0,3.0,0.0
A18110008863,2024-09-01,2.0,0,1,9,2024,2.0,3.0,0.0,2.6666666666666665,0.57735026918965
A18110008863,2024-10-01,1.0,0,1,10,2024,2.0,3.0,0.0,2.3333333333333335,0.5773502691896506
A18110008863,2024-12-01,1.0,1,0,12,2024,1.0,2.0,0.0,1.6666666666666667,0.5773502691896516
A18110008863,2025-01-01,2.0,0,0,1,2025,1.0,2.0,0.0,1.3333333333333333,0.5773502691896522
A18110008863,2025-02-01,1.0,0,1,2,2025,2.0,1.0,3.0,1.3333333333333333,0.5773502691896522
A18110008863,2025-05-01,3.0,1,0,5,2025,1.0,1.0,14.0,1.3333333333333333,0.5773502691896522
A18110008863,2025-06-01,0.0,1,0,6,2025,3.0,2.0,3.0,2.0,1.0000000000000147
A18110008863,2025-09-01,1.0,0,1,9,2025,0.0,1.0,2.0,1.3333333333333333,1.5275252316519567
A18110009021,2022-02-01,2.0,0,1,2,2022,0.0,0.0,0.0,1.5,2.121320343559657
A18110009021,2022-08-01,1.0,0,0,8,2022,2.0,0.0,0.0,1.0,1.4142135623731173
A18110009021,2022-10-01,1.0,0,1,10,2022,1.0,0.0,0.0,1.5,0.7071067811865909
A18110009021,2023-02-01,1.0,0,1,2,2023,1.0,2.0,0.0,1.3333333333333333,0.5773502691896526
A18110009021,2023-03-01,2.0,0,1,3,2023,1.0,1.0,0.0,1.0,0.0
A18110009021,2024-02-01,1.0,0,1,2,2024,2.0,1.0,0.0,1.3333333333333333,0.5773502691896526
A18110009021,2024-04-01,2.0,1,0,4,2024,1.0,1.0,0.0,1.3333333333333333,0.5773502691896526
A18110009021,2024-05-01,1.0,1,0,5,2024,2.0,2.0,0.0,1.6666666666666667,0.577350269189652
A18110009021,2024-06-01,1.0,1,0,6,2024,1.0,1.0,0.0,1.3333333333333333,0.5773502691896526
A18110009021,2024-08-01,2.0,0,0,8,2024,1.0,2.0,0.0,1.3333333333333333,0.5773502691896526
A18110009021,2024-10-01,2.0,0,1,10,2024,2.0,1.0,0.0,1.3333333333333333,0.5773502691896526
A18110009021,2024-12-01,1.0,1,0,12,2024,2.0,1.0,0.0,1.6666666666666667,0.577350269189652
A18110009021,2025-01-01,2.0,0,0,1,2025,1.0,2.0,2.0,1.6666666666666667,0.577350269189652
A18110009021,2025-03-01,1.0,0,1,3,2025,2.0,2.0,1.0,1.6666666666666667,0.577350269189652
A18110009021,2025-04-01,1.0,1,0,4,2025,1.0,1.0,1.0,1.3333333333333333,0.5773502691896526
A18110009021,2025-09-01,2.0,0,1,9,2025,1.0,2.0,1.0,1.3333333333333333,0.5773502691896526
A18110009021,2025-10-01,1.0,0,1,10,2025,2.0,1.0,2.0,1.3333333333333333,0.5773502691896526
A18110009031,2022-10-01,1.0,0,1,10,2022,0.0,0.0,0.0,1.5,0.7071067811865909
A18110009031,2023-03-01,1.0,0,1,3,2023,1.0,0.0,0.0,1.5,0.7071067811865909
A18110009031,2023-05-01,2.0,1,0,5,2023,1.0,0.0,0.0,1.0,0.0
A18110009031,2024-01-01,1.0,0,0,1,2024,2.0,1.0,0.0,1.3333333333333333,0.5773502691896526
A18110009031,2024-08-01,1.0,0,0,8,2024,1.0,1.0,0.0,1.3333333333333333,0.5773502691896526
A18110009031,2024-09-01,1.0,0,1,9,2024,1.0,2.0,0.0,1.3333333333333333,0.5773502691896526
A18110009031,2024-10-01,1.0,0,1,10,2024,1.0,1.0,0.0,1.0,0.0
A18110009031,2024-12-01,4.0,1,0,12,2024,1.0,1.0,0.0,1.0,0.0
A18110009031,2025-01-01,1.0,0,0,1,2025,4.0,1.0,0.0,2.0,1.732050807568886
A18110009031,2025-04-01,4.0,1,0,4,2025,1.0,1.0,0.0,2.0,1.732050807568886
A18110009031,2025-08-01,5.0,0,0,8,2025,4.0,4.0,0.0,3.0,1.7320508075688854
A18110009031,2025-10-01,2.0,0,1,10,2025,5.0,1.0,0.0,3.3333333333333335,2.0816659994661393
A18110009037,2022-02-01,10.0,0,1,2,2022,0.0,0.0,0.0,4.5,0.7071067811865827
A18110009037,2022-03-01,5.0,0,1,3,2022,10.0,0.0,0.0,7.5,3.535533905932743
A18110009037,2022-05-01,1.0,1,0,5,2022,5.0,0.0,0.0,7.5,3.535533905932743
A18110009037,2022-08-01,5.0,0,0,8,2022,1.0,10.0,0.0,5.333333333333333,4.509249752822897
A18110009037,2022-09-01,2.0,0,1,9,2022,5.0,5.0,0.0,3.6666666666666665,2.309401076758509
A18110009037,2022-10-01,2.0,0,1,10,2022,2.0,1.0,0.0,2.6666666666666665,2.0816659994661397
A18110009037,2023-02-01,18.0,0,1,2,2023,2.0,5.0,0.0,3.0,1.7320508075688854
A18110009037,2023-03-01,1.0,0,1,3,2023,18.0,2.0,0.0,7.333333333333333,9.237604307034013
A18110009037,2023-04-01,2.0,1,0,4,2023,1.0,2.0,0.0,7.0,9.539392014169458
A18110009037,2023-06-01,1.0,1,0,6,2023,2.0,18.0,0.0,7.0,9.539392014169458
A18110009037,2024-01-01,3.0,0,0,1,2024,1.0,1.0,0.0,1.3333333333333333,0.5773502691896504
A18110009037,2024-02-01,19.0,0,1,2,2024,3.0,2.0,0.0,2.0,1.0000000000000142
A18110009037,2024-07-01,13.0,0,0,7,2024,19.0,1.0,10.0,7.666666666666667,9.865765724632496
A18110009037,2024-08-01,4.0,0,0,8,2024,13.0,3.0,5.0,11.666666666666666,8.082903768654763
A18110009037,2024-09-01,2.0,0,1,9,2024,4.0,19.0,1.0,12.0,7.549834435270752
A18110009037,2024-10-01,6.0,0,1,10,2024,2.0,13.0,5.0,6.333333333333333,5.859465277082318
A18110009037,2024-12-01,2.0,1,0,12,2024,6.0,4.0,2.0,4.0,2.0000000000000084
A18110009037,2025-01-01,5.0,0,0,1,2025,2.0,2.0,2.0,3.3333333333333335,2.309401076758511
A18110009037,2025-02-01,0.0,0,1,2,2025,5.0,6.0,18.0,4.333333333333333,2.0816659994661406
A18110009037,2025-03-01,2.0,0,1,3,2025,0.0,2.0,1.0,2.3333333333333335,2.5166114784235916
A18110009037,2025-05-01,5.0,1,0,5,2025,2.0,5.0,2.0,2.3333333333333335,2.5166114784235916
A18110009037,2025-09-01,1.0,0,1,9,2025,5.0,0.0,1.0,2.3333333333333335,2.5166114784235916
A18110009037,2025-10-01,2.0,0,1,10,2025,1.0,2.0,3.0,2.6666666666666665,2.0816659994661424
A18110010465,2022-05-01,3.0,1,0,5,2022,0.0,0.0,0.0,3.0,2.8284271247462036
A18110010465,2022-08-01,10.0,0,0,8,2022,3.0,0.0,0.0,2.0,1.4142135623731258
A18110010465,2022-09-01,20.0,0,1,9,2022,10.0,0.0,0.0,6.5,4.949747468305837
A18110010465,2022-10-01,4.0,0,1,10,2022,20.0,3.0,0.0,11.0,8.54400374531753
A18110010465,2022-12-01,5.0,1,0,12,2022,4.0,10.0,0.0,11.333333333333334,8.082903768654761
A18110010465,2023-02-01,4.0,0,1,2,2023,5.0,20.0,0.0,9.666666666666666,8.962886439832502
A18110010465,2023-03-01,2.0,0,1,3,2023,4.0,4.0,0.0,4.333333333333333,0.5773502691896764
A18110010465,2023-05-01,4.0,1,0,5,2023,2.0,5.0,0.0,3.6666666666666665,1.527525231651968
A18110010465,2023-07-01,4.0,0,0,7,2023,4.0,4.0,0.0,3.3333333333333335,1.1547005383792812
A18110010465,2023-08-01,1.0,0,0,8,2023,4.0,2.0,0.0,3.3333333333333335,1.1547005383792812
A18110010465,2024-08-01,4.0,0,0,8,2024,1.0,4.0,0.0,3.0,1.732050807568898
A18110010465,2024-09-01,2.0,0,1,9,2024,4.0,4.0,0.0,3.0,1.732050807568898
A18110010465,2025-02-01,8.0,0,1,2,2025,2.0,1.0,3.0,2.3333333333333335,1.5275252316519725
A18110010465,2025-03-01,7.0,0,1,3,2025,8.0,4.0,10.0,4.666666666666667,3.055050463303902
A18110010465,2025-06-01,2.0,1,0,6,2025,7.0,2.0,20.0,5.666666666666667,3.2145502536643247
A18130005688,2022-06-01,5.0,1,0,6,2022,0.0,0.0,0.0,7.5,0.7071067811865777
A18130005688,2022-09-01,3.0,0,1,9,2022,5.0,0.0,0.0,6.0,1.4142135623731213
A18130005688,2022-10-01,1.0,0,1,10,2022,3.0,0.0,0.0,4.0,1.4142135623731364
A18130005688,2023-02-01,1.0,0,1,2,2023,1.0,5.0,0.0,3.0,2.0000000000000173
A18130005688,2023-07-01,2.0,0,0,7,2023,1.0,3.0,0.0,1.6666666666666667,1.1547005383792877
A18130005688,2023-08-01,1.0,0,0,8,2023,2.0,1.0,0.0,1.3333333333333333,0.5773502691897013
A18130005688,2023-09-01,1.0,0,1,9,2023,1.0,1.0,0.0,1.3333333333333333,0.5773502691897013
A18130005688,2024-03-01,1.0,0,1,3,2024,1.0,2.0,0.0,1.3333333333333333,0.5773502691897013
A18130005688,2024-05-01,1.0,1,0,5,2024,1.0,1.0,0.0,1.0,0.0
A18130005688,2024-08-01,1.0,0,0,8,2024,1.0,1.0,0.0,1.0,0.0
A18130005688,2024-09-01,2.0,0,1,9,2024,1.0,1.0,0.0,1.0,0.0
A18130005688,2024-11-01,2.0,1,0,11,2024,2.0,1.0,0.0,1.3333333333333333,0.5773502691897013
A18130005688,2025-02-01,1.0,0,1,2,2025,2.0,1.0,5.0,1.6666666666666667,0.5773502691896983
A18130005688,2025-07-01,1.0,0,0,7,2025,1.0,2.0,3.0,1.6666666666666667,0.5773502691896983
A18130006673,2022-07-01,6.0,0,0,7,2022,0.0,0.0,0.0,1.5,0.7071067811866685
A18130006673,2022-08-01,6.0,0,0,8,2022,6.0,0.0,0.0,3.5,3.5355339059327555
A18130006673,2022-12-01,1.0,1,0,12,2022,6.0,0.0,0.0,6.0,0.0
A18130006673,2023-01-01,12.0,0,0,1,2023,1.0,6.0,0.0,4.333333333333333,2.886751345948138
A18130006673,2023-10-01,0.0,0,1,10,2023,12.0,6.0,0.0,6.333333333333333,5.507570547286105
A18130006673,2023-11-01,5.0,1,0,11,2023,0.0,1.0,0.0,4.333333333333333,6.658328118479397
A18130006673,2024-04-01,2.0,1,0,4,2024,5.0,12.0,0.0,5.666666666666667,6.027713773341711
A18130006673,2024-08-01,4.0,0,0,8,2024,2.0,0.0,0.0,2.3333333333333335,2.516611478423597
A18130006673,2024-09-01,2.0,0,1,9,2024,4.0,5.0,0.0,3.6666666666666665,1.5275252316519645
A18130006673,2025-01-01,16.0,0,0,1,2025,2.0,2.0,0.0,2.6666666666666665,1.1547005383792797
A18130006673,2025-02-01,14.0,0,1,2,2025,16.0,4.0,0.0,7.333333333333333,7.571877794400367
A18130006673,2025-04-01,8.0,1,0,4,2025,14.0,2.0,0.0,10.666666666666666,7.571877794400365
A18130006673,2025-06-01,24.0,1,0,6,2025,8.0,16.0,6.0,12.666666666666666,4.163331998932263
A18130006673,2025-09-01,1.0,0,1,9,2025,24.0,14.0,6.0,15.333333333333334,8.082903768654758
A18130006673,2025-10-01,1.0,0,1,10,2025,1.0,8.0,1.0,11.0,11.789826122551595
A18130006711,2022-02-01,6.0,0,1,2,2022,0.0,0.0,0.0,12.5,16.263455967290593
A18130006711,2022-05-01,4.0,1,0,5,2022,6.0,0.0,0.0,3.5,3.535533905932754
A18130006711,2022-06-01,19.0,1,0,6,2022,4.0,0.0,0.0,5.0,1.4142135623731251
A18130006711,2022-07-01,9.0,0,0,7,2022,19.0,6.0,0.0,9.666666666666666,8.144527815247077
A18130006711,2022-08-01,3.0,0,0,8,2022,9.0,4.0,0.0,10.666666666666666,7.637626158259732
A18130006711,2022-10-01,15.0,0,1,10,2022,3.0,19.0,0.0,10.333333333333334,8.08290376865476
A18130006711,2023-01-01,7.0,0,0,1,2023,15.0,9.0,0.0,9.0,6.0
A18130006711,2023-02-01,2.0,0,1,2,2023,7.0,3.0,0.0,8.333333333333334,6.110100926607787
A18130006711,2023-03-01,4.0,0,1,3,2023,2.0,15.0,0.0,8.0,6.557438524302002
A18130006711,2023-05-01,2.0,1,0,5,2023,4.0,7.0,0.0,4.333333333333333,2.516611478423598
A18130006711,2023-09-01,4.0,0,1,9,2023,2.0,2.0,0.0,2.6666666666666665,1.154700538379294
A18130006711,2023-11-01,1.0,1,0,11,2023,4.0,4.0,0.0,3.3333333333333335,1.1547005383792894
A18130006711,2024-01-01,6.0,0,0,1,2024,1.0,2.0,6.0,2.3333333333333335,1.5275252316519805
A18130006711,2024-04-01,1.0,1,0,4,2024,6.0,4.0,4.0,3.6666666666666665,2.5166114784235996
A18130006711,2024-06-01,7.0,1,0,6,2024,1.0,1.0,19.0,2.6666666666666665,2.886751345948146
A18130006711,2024-07-01,10.0,0,0,7,2024,7.0,6.0,9.0,4.666666666666667,3.2145502536643282
A18130006711,2024-11-01,3.0,1,0,11,2024,10.0,1.0,3.0,6.0,4.582575694955844
A18130006711,2025-03-01,5.0,0,1,3,2025,3.0,7.0,15.0,6.666666666666667,3.5118845842842505
A18130006711,2025-04-01,0.0,1,0,4,2025,5.0,10.0,7.0,6.0,3.605551275463995
A18130006711,2025-05-01,12.0,1,0,5,2025,0.0,3.0,2.0,2.6666666666666665,2.516611478423603
A18130006711,2025-06-01,15.0,1,0,6,2025,12.0,5.0,4.0,5.666666666666667,6.027713773341712
A18130006711,2025-10-01,1.0,0,1,10,2025,15.0,0.0,2.0,9.0,7.937253933193771
A18130006764,2022-01-01,4.0,0,0,1,2022,0.0,0.0,0.0,13.5,2.1213203435596055
A18130006764,2022-10-01,2.0,0,1,10,2022,4.0,0.0,0.0,9.5,7.77817459305202
A18130006764,2023-03-01,2.0,0,1,3,2023,2.0,0.0,0.0,3.0,1.4142135623731453
A18130006764,2024-01-01,3.0,0,0,1,2024,2.0,4.0,0.0,2.6666666666666665,1.1547005383792843
A18130006764,2024-03-01,0.0,0,1,3,2024,3.0,2.0,0.0,2.3333333333333335,0.5773502691896956
A18130006764,2024-05-01,6.0,1,0,5,2024,0.0,2.0,0.0,1.6666666666666667,1.527525231651976
A18130006764,2024-06-01,5.0,1,0,6,2024,6.0,3.0,0.0,3.0,3.000000000000012
A18130006764,2024-08-01,2.0,0,0,8,2024,5.0,0.0,0.0,3.6666666666666665,3.2145502536643282
A18130006764,2024-12-01,1.0,1,0,12,2024,2.0,6.0,0.0,4.333333333333333,2.0816659994661455
A18130006764,2025-01-01,5.0,0,0,1,2025,1.0,5.0,0.0,2.6666666666666665,2.081665999466151
A18130006764,2025-06-01,2.0,1,0,6,2025,5.0,2.0,0.0,2.6666666666666665,2.081665999466151
A18130006764,2025-07-01,2.0,0,0,7,2025,2.0,1.0,0.0,2.6666666666666665,2.081665999466151
A18130006764,2025-10-01,1.0,0,1,10,2025,2.0,5.0,4.0,3.0,1.7320508075688978
A18130007380,2022-01-01,7.0,0,0,1,2022,0.0,0.0,0.0,2.0,0.0
A18130007380,2022-02-01,16.0,0,1,2,2022,7.0,0.0,0.0,4.5,3.5355339059327524
A18130007380,2022-03-01,3.0,0,1,3,2022,16.0,0.0,0.0,11.5,6.363961030678921
A18130007380,2022-08-01,1.0,0,0,8,2022,3.0,7.0,0.0,8.666666666666666,6.658328118479393
A18130007380,2022-09-01,1.0,0,1,9,2022,1.0,16.0,0.0,6.666666666666667,8.14452781524708
A18130007380,2023-01-01,5.0,0,0,1,2023,1.0,3.0,0.0,1.6666666666666667,1.1547005383792968
A18130007380,2023-03-01,2.0,0,1,3,2023,5.0,1.0,0.0,2.3333333333333335,2.3094010767585234
A18130007380,2024-01-01,15.0,0,0,1,2024,2.0,1.0,0.0,2.6666666666666665,2.081665999466154
A18130007380,2024-05-01,16.0,1,0,5,2024,15.0,5.0,0.0,7.333333333333333,6.806859285554047
A18130007380,2024-06-01,2.0,1,0,6,2024,16.0,2.0,0.0,11.0,7.810249675906651
A18130007380,2024-08-01,3.0,0,0,8,2024,2.0,15.0,0.0,11.0,7.81024967590665
A18130007380,2024-12-01,1.0,1,0,12,2024,3.0,16.0,0.0,7.0,7.810249675906653
A18130007380,2025-03-01,6.0,0,1,3,2025,1.0,2.0,7.0,2.0,1.0000000000000169
A18130007380,2025-04-01,1.0,1,0,4,2025,6.0,3.0,16.0,3.3333333333333335,2.516611478423587
A18130007380,2025-05-01,3.0,1,0,5,2025,1.0,1.0,3.0,2.6666666666666665,2.8867513459481335
A18130007380,2025-06-01,1.0,1,0,6,2025,3.0,6.0,1.0,3.3333333333333335,2.516611478423587
A18130007380,2025-09-01,1.0,0,1,9,2025,1.0,1.0,1.0,1.6666666666666667,1.1547005383792681
A18130007380,2025-10-01,1.0,0,1,10,2025,1.0,3.0,5.0,1.6666666666666667,1.1547005383792681
A18130007393,2022-05-01,0.0,1,0,5,2022,0.0,0.0,0.0,1.0,0.0
A18130007393,2022-06-01,1.0,1,0,6,2022,0.0,0.0,0.0,0.5,0.7071067811866194
A18130007393,2022-07-01,2.0,0,0,7,2022,1.0,0.0,0.0,0.5,0.7071067811866194
A18130007393,2022-08-01,5.0,0,0,8,2022,2.0,0.0,0.0,1.0,1.0000000000000226
A18130007393,2022-12-01,2.0,1,0,12,2022,5.0,1.0,0.0,2.6666666666666665,2.0816659994661393
A18130007393,2023-01-01,1.0,0,0,1,2023,2.0,2.0,0.0,3.0,1.732050807568884
A18130007393,2023-02-01,4.0,0,1,2,2023,1.0,5.0,0.0,2.6666666666666665,2.0816659994661393
A18130007393,2023-03-01,5.0,0,1,3,2023,4.0,2.0,0.0,2.3333333333333335,1.527525231651957
A18130007393,2023-05-01,2.0,1,0,5,2023,5.0,1.0,0.0,3.3333333333333335,2.081665999466137
A18130007393,2023-09-01,1.0,0,1,9,2023,2.0,4.0,0.0,3.6666666666666665,1.5275252316519512
A18130007393,2024-07-01,1.0,0,0,7,2024,1.0,5.0,0.0,2.6666666666666665,2.0816659994661393
A18130007393,2024-09-01,3.0,0,1,9,2024,1.0,2.0,0.0,1.3333333333333333,0.577350269189663
A18130007393,2024-10-01,3.0,0,1,10,2024,3.0,1.0,0.0,1.6666666666666667,1.1547005383792683
A18130007393,2025-02-01,1.0,0,1,2,2025,3.0,1.0,1.0,2.3333333333333335,1.1547005383792648
A18130007393,2025-03-01,1.0,0,1,3,2025,1.0,3.0,2.0,2.3333333333333335,1.1547005383792648
A18130007393,2025-09-01,2.0,0,1,9,2025,1.0,3.0,5.0,1.6666666666666667,1.1547005383792683
A18130007396,2022-02-01,2.0,0,1,2,2022,0.0,0.0,0.0,1.0,0.0
A18130007396,2022-05-01,0.0,1,0,5,2022,2.0,0.0,0.0,1.5,0.7071067811866053
A18130007396,2022-08-01,1.0,0,0,8,2022,0.0,0.0,0.0,1.0,1.4142135623731282
A18130007396,2023-03-01,2.0,0,1,3,2023,1.0,2.0,0.0,1.0,1.0000000000000235
A18130007396,2024-01-01,1.0,0,0,1,2024,2.0,0.0,0.0,1.0,1.0000000000000235
A18130007396,2024-02-01,1.0,0,1,2,2024,1.0,1.0,0.0,1.3333333333333333,0.5773502691896628
A18130007396,2024-07-01,1.0,0,0,7,2024,1.0,2.0,0.0,1.3333333333333333,0.5773502691896628
A18130007396,2024-08-01,1.0,0,0,8,2024,1.0,1.0,0.0,1.0,0.0
A18130007396,2025-02-01,1.0,0,1,2,2025,1.0,1.0,0.0,1.0,0.0
A18130007396,2025-03-01,3.0,0,1,3,2025,1.0,1.0,0.0,1.0,0.0
A18130007396,2025-04-01,3.0,1,0,4,2025,3.0,1.0,0.0,1.6666666666666667,1.1547005383792681
A18130007396,2025-05-01,2.0,1,0,5,2025,3.0,1.0,0.0,2.3333333333333335,1.1547005383792646
A18130007396,2025-10-01,1.0,0,1,10,2025,2.0,3.0,2.0,2.6666666666666665,0.5773502691896483
A18130007399,2022-01-01,1.0,0,0,1,2022,0.0,0.0,0.0,2.5,0.7071067811865872
A18130007399,2022-02-01,4.0,0,1,2,2022,1.0,0.0,0.0,1.5,0.7071067811866049
A18130007399,2022-03-01,2.0,0,1,3,2022,4.0,0.0,0.0,2.5,2.1213203435596557
A18130007399,2022-05-01,0.0,1,0,5,2022,2.0,1.0,0.0,2.3333333333333335,1.5275252316519565
A18130007399,2022-06-01,2.0,1,0,6,2022,0.0,4.0,0.0,2.0,2.0000000000000084
A18130007399,2022-08-01,2.0,0,0,8,2022,2.0,2.0,0.0,1.3333333333333333,1.1547005383792703
A18130007399,2022-12-01,1.0,1,0,12,2022,2.0,0.0,0.0,1.3333333333333333,1.1547005383792703
A18130007399,2023-01-01,3.0,0,0,1,2023,1.0,2.0,0.0,1.6666666666666667,0.5773502691896598
A18130007399,2023-03-01,3.0,0,1,3,2023,3.0,2.0,0.0,2.0,1.0000000000000173
A18130007399,2024-01-01,2.0,0,0,1,2024,3.0,1.0,0.0,2.3333333333333335,1.1547005383792646
A18130007399,2024-08-01,4.0,0,0,8,2024,2.0,3.0,0.0,2.6666666666666665,0.5773502691896482
A18130007399,2024-09-01,2.0,0,1,9,2024,4.0,3.0,0.0,3.0,1.0000000000000104
A18130007399,2024-10-01,1.0,0,1,10,2024,2.0,2.0,1.0,2.6666666666666665,1.1547005383792626
A18130007399,2024-11-01,3.0,1,0,11,2024,1.0,4.0,4.0,2.3333333333333335,1.5275252316519565
A18130007399,2025-03-01,4.0,0,1,3,2025,3.0,2.0,2.0,2.0,1.0000000000000175
A18130007399,2025-04-01,1.0,1,0,4,2025,4.0,1.0,0.0,2.6666666666666665,1.5275252316519552
A18130007399,2025-07-01,1.0,0,0,7,2025,1.0,3.0,2.0,2.6666666666666665,1.5275252316519552
A18130007768,2024-05-01,8.0,1,0,5,2024,0.0,0.0,0.0,2.5,2.121320343559656
A18130007768,2024-06-01,14.0,1,0,6,2024,8.0,0.0,0.0,4.5,4.949747468305834
A18130007768,2024-11-01,1.0,1,0,11,2024,14.0,0.0,0.0,11.0,4.242640687119266
A18130007768,2025-01-01,4.0,0,0,1,2025,1.0,8.0,0.0,7.666666666666667,6.506407098647709
A18130007768,2025-06-01,1.0,1,0,6,2025,4.0,14.0,0.0,6.333333333333333,6.806859285554045
A18130007768,2025-08-01,11.0,0,0,8,2025,1.0,1.0,0.0,2.0,1.7320508075688918
A18130007768,2025-09-01,7.0,0,1,9,2025,11.0,4.0,0.0,5.333333333333333,5.131601439446885
A18130007768,2025-10-01,2.0,0,1,10,2025,7.0,1.0,0.0,6.333333333333333,5.033222956847165
A18130007812,2022-08-01,15.0,0,0,8,2022,0.0,0.0,0.0,9.0,2.828427124746175
A18130007812,2022-12-01,3.0,1,0,12,2022,15.0,0.0,0.0,11.0,5.656854249492367
A18130007812,2023-01-01,0.0,0,0,1,2023,3.0,0.0,0.0,9.0,8.485281374238566
A18130007812,2023-02-01,2.0,0,1,2,2023,0.0,15.0,0.0,6.0,7.937253933193772
A18130007812,2023-03-01,1.0,0,1,3,2023,2.0,3.0,0.0,1.6666666666666667,1.5275252316519692
A18130007812,2023-05-01,0.0,1,0,5,2023,1.0,0.0,0.0,1.0,1.0000000000000395
A18130007812,2023-06-01,0.0,1,0,6,2023,0.0,2.0,0.0,1.0,1.0000000000000395
A18130007812,2024-11-01,4.0,1,0,11,2024,0.0,1.0,0.0,0.3333333333333333,0.5773502691897037
A18130007812,2024-12-01,1.0,1,0,12,2024,4.0,0.0,0.0,1.3333333333333333,2.3094010767585194
A18130007812,2025-02-01,1.0,0,1,2,2025,1.0,0.0,0.0,1.6666666666666667,2.0816659994661495
A18130007812,2025-03-01,4.0,0,1,3,2025,1.0,4.0,0.0,2.0,1.7320508075688956
A18130007812,2025-04-01,2.0,1,0,4,2025,4.0,1.0,0.0,2.0,1.7320508075688956
A18130007812,2025-06-01,1.0,1,0,6,2025,2.0,1.0,15.0,2.3333333333333335,1.5275252316519659
A18130007812,2025-09-01,3.0,0,1,9,2025,1.0,4.0,3.0,2.3333333333333335,1.5275252316519659
A18130007812,2025-10-01,1.0,0,1,10,2025,3.0,2.0,0.0,2.0,1.000000000000032
A18130007814,2022-06-01,0.0,1,0,6,2022,0.0,0.0,0.0,2.0,1.4142135623731402
A18130007814,2022-07-01,2.0,0,0,7,2022,0.0,0.0,0.0,1.5,2.1213203435596766
A18130007814,2022-10-01,1.0,0,1,10,2022,2.0,0.0,0.0,1.0,1.4142135623731515
A18130007814,2022-12-01,2.0,1,0,12,2022,1.0,0.0,0.0,1.0,1.00000000000004
A18130007814,2023-02-01,6.0,0,1,2,2023,2.0,2.0,0.0,1.6666666666666667,0.5773502691896858
A18130007814,2023-03-01,2.0,0,1,3,2023,6.0,1.0,0.0,3.0,2.6457513110645996
A18130007814,2023-04-01,3.0,1,0,4,2023,2.0,2.0,0.0,3.3333333333333335,2.3094010767585123
A18130007814,2023-06-01,1.0,1,0,6,2023,3.0,6.0,0.0,3.6666666666666665,2.0816659994661415
A18130007814,2023-07-01,4.0,0,0,7,2023,1.0,2.0,0.0,2.0,1.0000000000000315
A18130007814,2024-04-01,1.0,1,0,4,2024,4.0,3.0,0.0,2.6666666666666665,1.5275252316519639
A18130007814,2024-10-01,1.0,0,1,10,2024,1.0,1.0,0.0,2.0,1.7320508075688954
A18130007814,2025-01-01,1.0,0,0,1,2025,1.0,4.0,0.0,2.0,1.7320508075688954
A18130007814,2025-02-01,0.0,0,1,2,2025,1.0,1.0,0.0,1.0,0.0
A18130007814,2025-03-01,2.0,0,1,3,2025,0.0,1.0,2.0,0.6666666666666666,0.5773502691896989
A18130007814,2025-04-01,3.0,1,0,4,2025,2.0,1.0,1.0,1.0,1.0000000000000395
A18130007814,2025-06-01,4.0,1,0,6,2025,3.0,0.0,2.0,1.6666666666666667,1.5275252316519692
A18130007814,2025-09-01,3.0,0,1,9,2025,4.0,2.0,6.0,3.0,1.0000000000000238
A22020000062,2022-03-01,20.0,0,1,3,2022,0.0,0.0,0.0,3.5,0.7071067811866034
A22020000062,2022-09-01,38.0,0,1,9,2022,20.0,0.0,0.0,12.0,11.313708498984752
A22020000062,2023-03-01,20.0,0,1,3,2023,38.0,0.0,0.0,29.0,12.727922061357829
A22020000062,2024-01-01,2.0,0,0,1,2024,20.0,20.0,0.0,26.0,10.39230484541325
A22020000062,2024-09-01,2.0,0,1,9,2024,2.0,38.0,0.0,20.0,17.999999999999996
A22020000062,2024-11-01,4.0,1,0,11,2024,2.0,20.0,0.0,8.0,10.392304845413268
A22020000062,2025-01-01,2.0,0,0,1,2025,4.0,2.0,0.0,2.6666666666666665,1.1547005383793378
A22020000062,2025-02-01,24.0,0,1,2,2025,2.0,2.0,0.0,2.6666666666666665,1.1547005383793378
A22020000062,2025-05-01,10.0,1,0,5,2025,24.0,4.0,0.0,10.0,12.165525060596442
A22020000062,2025-06-01,4.0,1,0,6,2025,10.0,2.0,0.0,12.0,11.135528725660045
A22020000062,2025-07-01,2.0,0,0,7,2025,4.0,24.0,0.0,12.666666666666666,10.263202878893768
A22020000062,2025-08-01,16.0,0,0,8,2025,2.0,10.0,0.0,5.333333333333333,4.163331998932289
