sap,descripcion,fecha_prediccion,demanda_predicha,mejor_modelo,modelo_rmse
A18110011069,PLANCHA 1 ASTM-A36 ( X KG ),2025-10-31,0.0,ARIMA,3.5999102407882656e-32
A18110011069,PLANCHA 1 ASTM-A36 ( X KG ),2025-11-30,0.0,ARIMA,3.5999102407882656e-32
A18110011069,PLANCHA 1 ASTM-A36 ( X KG ),2025-12-31,0.0,ARIMA,3.5999102407882656e-32
A18110011069,PLANCHA 1 ASTM-A36 ( X KG ),2026-01-31,0.0,ARIMA,3.5999102407882656e-32
A18110011069,PLANCHA 1 ASTM-A36 ( X KG ),2026-02-28,0.0,ARIMA,3.5999102407882656e-32
A18110011069,PLANCHA 1 ASTM-A36 ( X KG ),2026-03-31,0.0,ARIMA,3.5999102407882656e-32
A18110011069,PLANCHA 1 ASTM-A36 ( X KG ),2026-04-30,0.0,ARIMA,3.5999102407882656e-32
A18110011069,PLANCHA 1 ASTM-A36 ( X KG ),2026-05-31,0.0,ARIMA,3.5999102407882656e-32
A18110011069,PLANCHA 1 ASTM-A36 ( X KG ),2026-06-30,0.0,ARIMA,3.5999102407882656e-32
A18110011069,PLANCHA 1 ASTM-A36 ( X KG ),2026-07-31,0.0,ARIMA,3.5999102407882656e-32
A18110011069,PLANCHA 1 ASTM-A36 ( X KG ),2026-08-31,0.0,ARIMA,3.5999102407882656e-32
A18110011069,PLANCHA 1 ASTM-A36 ( X KG ),2026-09-30,0.0,ARIMA,3.5999102407882656e-32
A19010000519,TUBO 3/4 SCH 80 SIN PROCESAR,2025-10-31,0.0,ARIMA,7.23999883611672e-76
A19010000519,TUBO 3/4 SCH 80 SIN PROCESAR,2025-11-30,0.0,ARIMA,7.23999883611672e-76
A19010000519,TUBO 3/4 SCH 80 SIN PROCESAR,2025-12-31,0.0,ARIMA,7.23999883611672e-76
A19010000519,TUBO 3/4 SCH 80 SIN PROCESAR,2026-01-31,0.0,ARIMA,7.23999883611672e-76
A19010000519,TUBO 3/4 SCH 80 SIN PROCESAR,2026-02-28,0.0,ARIMA,7.23999883611672e-76
A19010000519,TUBO 3/4 SCH 80 SIN PROCESAR,2026-03-31,0.0,ARIMA,7.23999883611672e-76
A19010000519,TUBO 3/4 SCH 80 SIN PROCESAR,2026-04-30,0.0,ARIMA,7.23999883611672e-76
A19010000519,TUBO 3/4 SCH 80 SIN PROCESAR,2026-05-31,0.0,ARIMA,7.23999883611672e-76
A19010000519,TUBO 3/4 SCH 80 SIN PROCESAR,2026-06-30,0.0,ARIMA,7.23999883611672e-76
A19010000519,TUBO 3/4 SCH 80 SIN PROCESAR,2026-07-31,0.0,ARIMA,7.23999883611672e-76
A19010000519,TUBO 3/4 SCH 80 SIN PROCESAR,2026-08-31,0.0,ARIMA,7.23999883611672e-76
A19010000519,TUBO 3/4 SCH 80 SIN PROCESAR,2026-09-30,0.0,ARIMA,7.23999883611672e-76
A18110011082,GAS STARGOL / AGAMIX-20,2025-10-31,13.0,RandomForest,7.231873892705817
A18110011082,GAS STARGOL / AGAMIX-20,2025-11-30,13.0,RandomForest,7.231873892705817
A18110011082,GAS STARGOL / AGAMIX-20,2025-12-31,13.0,RandomForest,7.231873892705817
A18110011082,GAS STARGOL / AGAMIX-20,2026-01-31,0.0,RandomForest,7.231873892705817
A18110011082,GAS STARGOL / AGAMIX-20,2026-02-28,0.0,RandomForest,7.231873892705817
A18110011082,GAS STARGOL / AGAMIX-20,2026-03-31,0.0,RandomForest,7.231873892705817
A18110011082,GAS STARGOL / AGAMIX-20,2026-04-30,0.0,RandomForest,7.231873892705817
A18110011082,GAS STARGOL / AGAMIX-20,2026-05-31,0.0,RandomForest,7.231873892705817
A18110011082,GAS STARGOL / AGAMIX-20,2026-06-30,7.0,RandomForest,7.231873892705817
A18110011082,GAS STARGOL / AGAMIX-20,2026-07-31,3.0,RandomForest,7.231873892705817
A18110011082,GAS STARGOL / AGAMIX-20,2026-08-31,2.0,RandomForest,7.231873892705817
A18110011082,GAS STARGOL / AGAMIX-20,2026-09-30,14.0,RandomForest,7.231873892705817
A22020000062,"NEEDLE VALVE 1/4"" NPT",2025-10-31,2.0,ARIMA,9.834120229337804
A22020000062,"NEEDLE VALVE 1/4"" NPT",2025-11-30,9.0,ARIMA,9.834120229337804
A22020000062,"NEEDLE VALVE 1/4"" NPT",2025-12-31,4.0,ARIMA,9.834120229337804
A22020000062,"NEEDLE VALVE 1/4"" NPT",2026-01-31,3.0,ARIMA,9.834120229337804
A22020000062,"NEEDLE VALVE 1/4"" NPT",2026-02-28,13.0,ARIMA,9.834120229337804
A22020000062,"NEEDLE VALVE 1/4"" NPT",2026-03-31,2.0,ARIMA,9.834120229337804
A22020000062,"NEEDLE VALVE 1/4"" NPT",2026-04-30,3.0,ARIMA,9.834120229337804
A22020000062,"NEEDLE VALVE 1/4"" NPT",2026-05-31,8.0,ARIMA,9.834120229337804
A22020000062,"NEEDLE VALVE 1/4"" NPT",2026-06-30,5.0,ARIMA,9.834120229337804
A22020000062,"NEEDLE VALVE 1/4"" NPT",2026-07-31,4.0,ARIMA,9.834120229337804
A22020000062,"NEEDLE VALVE 1/4"" NPT",2026-08-31,10.0,ARIMA,9.834120229337804
A22020000062,"NEEDLE VALVE 1/4"" NPT",2026-09-30,3.0,ARIMA,9.834120229337804
A18130005783,STATO SEAL 3/8 600-430,2025-10-31,0.0,SARIMA,6.3314071138888295
A18130005783,STATO SEAL 3/8 600-430,2025-11-30,0.0,SARIMA,6.3314071138888295
A18130005783,STATO SEAL 3/8 600-430,2025-12-31,0.0,SARIMA,6.3314071138888295
A18130005783,STATO SEAL 3/8 600-430,2026-01-31,5.0,SARIMA,6.3314071138888295
A18130005783,STATO SEAL 3/8 600-430,2026-02-28,5.0,SARIMA,6.3314071138888295
A18130005783,STATO SEAL 3/8 600-430,2026-03-31,0.0,SARIMA,6.3314071138888295
A18130005783,STATO SEAL 3/8 600-430,2026-04-30,0.0,SARIMA,6.3314071138888295
A18130005783,STATO SEAL 3/8 600-430,2026-05-31,0.0,SARIMA,6.3314071138888295
A18130005783,STATO SEAL 3/8 600-430,2026-06-30,1.0,SARIMA,6.3314071138888295
A18130005783,STATO SEAL 3/8 600-430,2026-07-31,6.0,SARIMA,6.3314071138888295
A18130005783,STATO SEAL 3/8 600-430,2026-08-31,0.0,SARIMA,6.3314071138888295
A18130005783,STATO SEAL 3/8 600-430,2026-09-30,0.0,SARIMA,6.3314071138888295
A18130006711,SHAFT SEAL 45VQ/46M,2025-10-31,1.0,RandomForest,5.847799206159148
A18130006711,SHAFT SEAL 45VQ/46M,2025-11-30,2.0,RandomForest,5.847799206159148
A18130006711,SHAFT SEAL 45VQ/46M,2025-12-31,1.0,RandomForest,5.847799206159148
A18130006711,SHAFT SEAL 45VQ/46M,2026-01-31,1.0,RandomForest,5.847799206159148
A18130006711,SHAFT SEAL 45VQ/46M,2026-02-28,1.0,RandomForest,5.847799206159148
A18130006711,SHAFT SEAL 45VQ/46M,2026-03-31,4.0,RandomForest,5.847799206159148
A18130006711,SHAFT SEAL 45VQ/46M,2026-04-30,2.0,RandomForest,5.847799206159148
A18130006711,SHAFT SEAL 45VQ/46M,2026-05-31,8.0,RandomForest,5.847799206159148
A18130006711,SHAFT SEAL 45VQ/46M,2026-06-30,12.0,RandomForest,5.847799206159148
A18130006711,SHAFT SEAL 45VQ/46M,2026-07-31,3.0,RandomForest,5.847799206159148
A18130006711,SHAFT SEAL 45VQ/46M,2026-08-31,1.0,RandomForest,5.847799206159148
A18130006711,SHAFT SEAL 45VQ/46M,2026-09-30,1.0,RandomForest,5.847799206159148
A18110009378,CABLE DE COBRE C/FORRO 7 H,2025-10-31,0.0,ARIMA,3.5288067988002195e-74
A18110009378,CABLE DE COBRE C/FORRO 7 H,2025-11-30,0.0,ARIMA,3.5288067988002195e-74
A18110009378,CABLE DE COBRE C/FORRO 7 H,2025-12-31,0.0,ARIMA,3.5288067988002195e-74
A18110009378,CABLE DE COBRE C/FORRO 7 H,2026-01-31,0.0,ARIMA,3.5288067988002195e-74
A18110009378,CABLE DE COBRE C/FORRO 7 H,2026-02-28,0.0,ARIMA,3.5288067988002195e-74
A18110009378,CABLE DE COBRE C/FORRO 7 H,2026-03-31,0.0,ARIMA,3.5288067988002195e-74
A18110009378,CABLE DE COBRE C/FORRO 7 H,2026-04-30,0.0,ARIMA,3.5288067988002195e-74
A18110009378,CABLE DE COBRE C/FORRO 7 H,2026-05-31,0.0,ARIMA,3.5288067988002195e-74
A18110009378,CABLE DE COBRE C/FORRO 7 H,2026-06-30,0.0,ARIMA,3.5288067988002195e-74
A18110009378,CABLE DE COBRE C/FORRO 7 H,2026-07-31,0.0,ARIMA,3.5288067988002195e-74
A18110009378,CABLE DE COBRE C/FORRO 7 H,2026-08-31,0.0,ARIMA,3.5288067988002195e-74
A18110009378,CABLE DE COBRE C/FORRO 7 H,2026-09-30,0.0,ARIMA,3.5288067988002195e-74
A18110010326,BULKHEAD UNION 3/8 - 3/8,2025-10-31,0.0,ARIMA,6.327881216325417e-61
A18110010326,BULKHEAD UNION 3/8 - 3/8,2025-11-30,0.0,ARIMA,6.327881216325417e-61
A18110010326,BULKHEAD UNION 3/8 - 3/8,2025-12-31,0.0,ARIMA,6.327881216325417e-61
A18110010326,BULKHEAD UNION 3/8 - 3/8,2026-01-31,0.0,ARIMA,6.327881216325417e-61
A18110010326,BULKHEAD UNION 3/8 - 3/8,2026-02-28,0.0,ARIMA,6.327881216325417e-61
A18110010326,BULKHEAD UNION 3/8 - 3/8,2026-03-31,0.0,ARIMA,6.327881216325417e-61
A18110010326,BULKHEAD UNION 3/8 - 3/8,2026-04-30,0.0,ARIMA,6.327881216325417e-61
A18110010326,BULKHEAD UNION 3/8 - 3/8,2026-05-31,0.0,ARIMA,6.327881216325417e-61
A18110010326,BULKHEAD UNION 3/8 - 3/8,2026-06-30,0.0,ARIMA,6.327881216325417e-61
A18110010326,BULKHEAD UNION 3/8 - 3/8,2026-07-31,0.0,ARIMA,6.327881216325417e-61
A18110010326,BULKHEAD UNION 3/8 - 3/8,2026-08-31,0.0,ARIMA,6.327881216325417e-61
A18110010326,BULKHEAD UNION 3/8 - 3/8,2026-09-30,0.0,ARIMA,6.327881216325417e-61
A19010000521,TUBO 1 1/2  SCH 80 SIN PROCESAR,2025-10-31,15.0,XGBoost,0.0002752256327124275
A19010000521,TUBO 1 1/2  SCH 80 SIN PROCESAR,2025-11-30,0.0,XGBoost,0.0002752256327124275
A19010000521,TUBO 1 1/2  SCH 80 SIN PROCESAR,2025-12-31,0.0,XGBoost,0.0002752256327124275
A19010000521,TUBO 1 1/2  SCH 80 SIN PROCESAR,2026-01-31,0.0,XGBoost,0.0002752256327124275
A19010000521,TUBO 1 1/2  SCH 80 SIN PROCESAR,2026-02-28,0.0,XGBoost,0.0002752256327124275
A19010000521,TUBO 1 1/2  SCH 80 SIN PROCESAR,2026-03-31,0.0,XGBoost,0.0002752256327124275
A19010000521,TUBO 1 1/2  SCH 80 SIN PROCESAR,2026-04-30,0.0,XGBoost,0.0002752256327124275
A19010000521,TUBO 1 1/2  SCH 80 SIN PROCESAR,2026-05-31,0.0,XGBoost,0.0002752256327124275
A19010000521,TUBO 1 1/2  SCH 80 SIN PROCESAR,2026-06-30,0.0,XGBoost,0.0002752256327124275
A19010000521,TUBO 1 1/2  SCH 80 SIN PROCESAR,2026-07-31,0.0,XGBoost,0.0002752256327124275
A19010000521,TUBO 1 1/2  SCH 80 SIN PROCESAR,2026-08-31,0.0,XGBoost,0.0002752256327124275
A19010000521,TUBO 1 1/2  SCH 80 SIN PROCESAR,2026-09-30,0.0,XGBoost,0.0002752256327124275
A18110009037,SEAL KIT D12 CODE JSP10700097,2025-10-31,2.0,ARIMA,2.9951845052217143
A18110009037,SEAL KIT D12 CODE JSP10700097,2025-11-30,2.0,ARIMA,2.9951845052217143
A18110009037,SEAL KIT D12 CODE JSP10700097,2025-12-31,1.0,ARIMA,2.9951845052217143
A18110009037,SEAL KIT D12 CODE JSP10700097,2026-01-31,0.0,ARIMA,2.9951845052217143
A18110009037,SEAL KIT D12 CODE JSP10700097,2026-02-28,1.0,ARIMA,2.9951845052217143
A18110009037,SEAL KIT D12 CODE JSP10700097,2026-03-31,1.0,ARIMA,2.9951845052217143
A18110009037,SEAL KIT D12 CODE JSP10700097,2026-04-30,1.0,ARIMA,2.9951845052217143
A18110009037,SEAL KIT D12 CODE JSP10700097,2026-05-31,1.0,ARIMA,2.9951845052217143
A18110009037,SEAL KIT D12 CODE JSP10700097,2026-06-30,1.0,ARIMA,2.9951845052217143
A18110009037,SEAL KIT D12 CODE JSP10700097,2026-07-31,1.0,ARIMA,2.9951845052217143
A18110009037,SEAL KIT D12 CODE JSP10700097,2026-08-31,1.0,ARIMA,2.9951845052217143
A18110009037,SEAL KIT D12 CODE JSP10700097,2026-09-30,1.0,ARIMA,2.9951845052217143
A18130006673,FILTER ELEMENT MS-150,2025-10-31,6.0,ARIMA,10.255791879471543
A18130006673,FILTER ELEMENT MS-150,2025-11-30,16.0,ARIMA,10.255791879471543
A18130006673,FILTER ELEMENT MS-150,2025-12-31,0.0,ARIMA,10.255791879471543
A18130006673,FILTER ELEMENT MS-150,2026-01-31,3.0,ARIMA,10.255791879471543
A18130006673,FILTER ELEMENT MS-150,2026-02-28,1.0,ARIMA,10.255791879471543
A18130006673,FILTER ELEMENT MS-150,2026-03-31,9.0,ARIMA,10.255791879471543
A18130006673,FILTER ELEMENT MS-150,2026-04-30,10.0,ARIMA,10.255791879471543
A18130006673,FILTER ELEMENT MS-150,2026-05-31,1.0,ARIMA,10.255791879471543
A18130006673,FILTER ELEMENT MS-150,2026-06-30,4.0,ARIMA,10.255791879471543
A18130006673,FILTER ELEMENT MS-150,2026-07-31,3.0,ARIMA,10.255791879471543
A18130006673,FILTER ELEMENT MS-150,2026-08-31,9.0,ARIMA,10.255791879471543
A18130006673,FILTER ELEMENT MS-150,2026-09-30,6.0,ARIMA,10.255791879471543
A18110009672,CABLE FLEXIBLE AWG 2 X 14,2025-10-31,1.0,RandomForest,0.0
A18110009672,CABLE FLEXIBLE AWG 2 X 14,2025-11-30,5.0,RandomForest,0.0
A18110009672,CABLE FLEXIBLE AWG 2 X 14,2025-12-31,0.0,RandomForest,0.0
A18110009672,CABLE FLEXIBLE AWG 2 X 14,2026-01-31,0.0,RandomForest,0.0
A18110009672,CABLE FLEXIBLE AWG 2 X 14,2026-02-28,0.0,RandomForest,0.0
A18110009672,CABLE FLEXIBLE AWG 2 X 14,2026-03-31,0.0,RandomForest,0.0
A18110009672,CABLE FLEXIBLE AWG 2 X 14,2026-04-30,0.0,RandomForest,0.0
A18110009672,CABLE FLEXIBLE AWG 2 X 14,2026-05-31,0.0,RandomForest,0.0
A18110009672,CABLE FLEXIBLE AWG 2 X 14,2026-06-30,0.0,RandomForest,0.0
A18110009672,CABLE FLEXIBLE AWG 2 X 14,2026-07-31,0.0,RandomForest,0.0
A18110009672,CABLE FLEXIBLE AWG 2 X 14,2026-08-31,0.0,RandomForest,0.0
A18110009672,CABLE FLEXIBLE AWG 2 X 14,2026-09-30,0.0,RandomForest,0.0
A18110010610,SEAL KIT VT6ED/T6EDM,2025-10-31,2.0,ARIMA,4.222215489333335
A18110010610,SEAL KIT VT6ED/T6EDM,2025-11-30,5.0,ARIMA,4.222215489333335
A18110010610,SEAL KIT VT6ED/T6EDM,2025-12-31,1.0,ARIMA,4.222215489333335
A18110010610,SEAL KIT VT6ED/T6EDM,2026-01-31,1.0,ARIMA,4.222215489333335
A18110010610,SEAL KIT VT6ED/T6EDM,2026-02-28,1.0,ARIMA,4.222215489333335
A18110010610,SEAL KIT VT6ED/T6EDM,2026-03-31,1.0,ARIMA,4.222215489333335
A18110010610,SEAL KIT VT6ED/T6EDM,2026-04-30,2.0,ARIMA,4.222215489333335
A18110010610,SEAL KIT VT6ED/T6EDM,2026-05-31,3.0,ARIMA,4.222215489333335
A18110010610,SEAL KIT VT6ED/T6EDM,2026-06-30,1.0,ARIMA,4.222215489333335
A18110010610,SEAL KIT VT6ED/T6EDM,2026-07-31,1.0,ARIMA,4.222215489333335
A18110010610,SEAL KIT VT6ED/T6EDM,2026-08-31,2.0,ARIMA,4.222215489333335
A18110010610,SEAL KIT VT6ED/T6EDM,2026-09-30,2.0,ARIMA,4.222215489333335
A18130007380,SEAL KIT COD 920072 BOMBA HIDRAULICA VICKERS MOD 4535 VQ 98 GPM,2025-10-31,1.0,ARIMA,2.1575468221410783
A18130007380,SEAL KIT COD 920072 BOMBA HIDRAULICA VICKERS MOD 4535 VQ 98 GPM,2025-11-30,0.0,ARIMA,2.1575468221410783
A18130007380,SEAL KIT COD 920072 BOMBA HIDRAULICA VICKERS MOD 4535 VQ 98 GPM,2025-12-31,0.0,ARIMA,2.1575468221410783
A18130007380,SEAL KIT COD 920072 BOMBA HIDRAULICA VICKERS MOD 4535 VQ 98 GPM,2026-01-31,1.0,ARIMA,2.1575468221410783
A18130007380,SEAL KIT COD 920072 BOMBA HIDRAULICA VICKERS MOD 4535 VQ 98 GPM,2026-02-28,1.0,ARIMA,2.1575468221410783
A18130007380,SEAL KIT COD 920072 BOMBA HIDRAULICA VICKERS MOD 4535 VQ 98 GPM,2026-03-31,1.0,ARIMA,2.1575468221410783
A18130007380,SEAL KIT COD 920072 BOMBA HIDRAULICA VICKERS MOD 4535 VQ 98 GPM,2026-04-30,0.0,ARIMA,2.1575468221410783
A18130007380,SEAL KIT COD 920072 BOMBA HIDRAULICA VICKERS MOD 4535 VQ 98 GPM,2026-05-31,1.0,ARIMA,2.1575468221410783
A18130007380,SEAL KIT COD 920072 BOMBA HIDRAULICA VICKERS MOD 4535 VQ 98 GPM,2026-06-30,1.0,ARIMA,2.1575468221410783
A18130007380,SEAL KIT COD 920072 BOMBA HIDRAULICA VICKERS MOD 4535 VQ 98 GPM,2026-07-31,1.0,ARIMA,2.1575468221410783
A18130007380,SEAL KIT COD 920072 BOMBA HIDRAULICA VICKERS MOD 4535 VQ 98 GPM,2026-08-31,1.0,ARIMA,2.1575468221410783
A18130007380,SEAL KIT COD 920072 BOMBA HIDRAULICA VICKERS MOD 4535 VQ 98 GPM,2026-09-30,1.0,ARIMA,2.1575468221410783
A18130005866,SPLINE DISC PP270 SK WELLMAN  (W-1060 META),2025-10-31,0.0,ARIMA,1.9219114624906055
A18130005866,SPLINE DISC PP270 SK WELLMAN  (W-1060 META),2025-11-30,0.0,ARIMA,1.9219114624906055
A18130005866,SPLINE DISC PP270 SK WELLMAN  (W-1060 META),2025-12-31,0.0,ARIMA,1.9219114624906055
A18130005866,SPLINE DISC PP270 SK WELLMAN  (W-1060 META),2026-01-31,0.0,ARIMA,1.9219114624906055
A18130005866,SPLINE DISC PP270 SK WELLMAN  (W-1060 META),2026-02-28,0.0,ARIMA,1.9219114624906055
A18130005866,SPLINE DISC PP270 SK WELLMAN  (W-1060 META),2026-03-31,0.0,ARIMA,1.9219114624906055
A18130005866,SPLINE DISC PP270 SK WELLMAN  (W-1060 META),2026-04-30,0.0,ARIMA,1.9219114624906055
A18130005866,SPLINE DISC PP270 SK WELLMAN  (W-1060 META),2026-05-31,0.0,ARIMA,1.9219114624906055
A18130005866,SPLINE DISC PP270 SK WELLMAN  (W-1060 META),2026-06-30,0.0,ARIMA,1.9219114624906055
A18130005866,SPLINE DISC PP270 SK WELLMAN  (W-1060 META),2026-07-31,0.0,ARIMA,1.9219114624906055
A18130005866,SPLINE DISC PP270 SK WELLMAN  (W-1060 META),2026-08-31,0.0,ARIMA,1.9219114624906055
A18130005866,SPLINE DISC PP270 SK WELLMAN  (W-1060 META),2026-09-30,0.0,ARIMA,1.9219114624906055
A18130007323,FRICTION DISC #2200-5 WELLMAN (W-1060 BROC),2025-10-31,0.0,ARIMA,2.6666666666666665
A18130007323,FRICTION DISC #2200-5 WELLMAN (W-1060 BROC),2025-11-30,0.0,ARIMA,2.6666666666666665
A18130007323,FRICTION DISC #2200-5 WELLMAN (W-1060 BROC),2025-12-31,0.0,ARIMA,2.6666666666666665
A18130007323,FRICTION DISC #2200-5 WELLMAN (W-1060 BROC),2026-01-31,0.0,ARIMA,2.6666666666666665
A18130007323,FRICTION DISC #2200-5 WELLMAN (W-1060 BROC),2026-02-28,0.0,ARIMA,2.6666666666666665
A18130007323,FRICTION DISC #2200-5 WELLMAN (W-1060 BROC),2026-03-31,0.0,ARIMA,2.6666666666666665
A18130007323,FRICTION DISC #2200-5 WELLMAN (W-1060 BROC),2026-04-30,0.0,ARIMA,2.6666666666666665
A18130007323,FRICTION DISC #2200-5 WELLMAN (W-1060 BROC),2026-05-31,0.0,ARIMA,2.6666666666666665
A18130007323,FRICTION DISC #2200-5 WELLMAN (W-1060 BROC),2026-06-30,0.0,ARIMA,2.6666666666666665
A18130007323,FRICTION DISC #2200-5 WELLMAN (W-1060 BROC),2026-07-31,0.0,ARIMA,2.6666666666666665
A18130007323,FRICTION DISC #2200-5 WELLMAN (W-1060 BROC),2026-08-31,0.0,ARIMA,2.6666666666666665
A18130007323,FRICTION DISC #2200-5 WELLMAN (W-1060 BROC),2026-09-30,0.0,ARIMA,2.6666666666666665
A18110010465,SHAFT KEYED 55MM FOR GM3A,2025-10-31,0.0,ARIMA,3.275107955707934
A18110010465,SHAFT KEYED 55MM FOR GM3A,2025-11-30,0.0,ARIMA,3.275107955707934
A18110010465,SHAFT KEYED 55MM FOR GM3A,2025-12-31,0.0,ARIMA,3.275107955707934
A18110010465,SHAFT KEYED 55MM FOR GM3A,2026-01-31,0.0,ARIMA,3.275107955707934
A18110010465,SHAFT KEYED 55MM FOR GM3A,2026-02-28,0.0,ARIMA,3.275107955707934
A18110010465,SHAFT KEYED 55MM FOR GM3A,2026-03-31,0.0,ARIMA,3.275107955707934
A18110010465,SHAFT KEYED 55MM FOR GM3A,2026-04-30,0.0,ARIMA,3.275107955707934
A18110010465,SHAFT KEYED 55MM FOR GM3A,2026-05-31,0.0,ARIMA,3.275107955707934
A18110010465,SHAFT KEYED 55MM FOR GM3A,2026-06-30,0.0,ARIMA,3.275107955707934
A18110010465,SHAFT KEYED 55MM FOR GM3A,2026-07-31,0.0,ARIMA,3.275107955707934
A18110010465,SHAFT KEYED 55MM FOR GM3A,2026-08-31,0.0,ARIMA,3.275107955707934
A18110010465,SHAFT KEYED 55MM FOR GM3A,2026-09-30,0.0,ARIMA,3.275107955707934
A19010000520,TUBO 1 1/4 SCH 80 SIN PROCESAR,2025-10-31,1.0,RandomForest,0.0
A19010000520,TUBO 1 1/4 SCH 80 SIN PROCESAR,2025-11-30,1.0,RandomForest,0.0
A19010000520,TUBO 1 1/4 SCH 80 SIN PROCESAR,2025-12-31,3.0,RandomForest,0.0
A19010000520,TUBO 1 1/4 SCH 80 SIN PROCESAR,2026-01-31,0.0,RandomForest,0.0
A19010000520,TUBO 1 1/4 SCH 80 SIN PROCESAR,2026-02-28,0.0,RandomForest,0.0
A19010000520,TUBO 1 1/4 SCH 80 SIN PROCESAR,2026-03-31,0.0,RandomForest,0.0
A19010000520,TUBO 1 1/4 SCH 80 SIN PROCESAR,2026-04-30,0.0,RandomForest,0.0
A19010000520,TUBO 1 1/4 SCH 80 SIN PROCESAR,2026-05-31,0.0,RandomForest,0.0
A19010000520,TUBO 1 1/4 SCH 80 SIN PROCESAR,2026-06-30,0.0,RandomForest,0.0
A19010000520,TUBO 1 1/4 SCH 80 SIN PROCESAR,2026-07-31,0.0,RandomForest,0.0
A19010000520,TUBO 1 1/4 SCH 80 SIN PROCESAR,2026-08-31,0.0,RandomForest,0.0
A19010000520,TUBO 1 1/4 SCH 80 SIN PROCESAR,2026-09-30,0.0,RandomForest,0.0
A18110008772,ADAPTER 1501-12-12,2025-10-31,1.0,ARIMA,1.7867540397455783
A18110008772,ADAPTER 1501-12-12,2025-11-30,0.0,ARIMA,1.7867540397455783
A18110008772,ADAPTER 1501-12-12,2025-12-31,0.0,ARIMA,1.7867540397455783
A18110008772,ADAPTER 1501-12-12,2026-01-31,0.0,ARIMA,1.7867540397455783
A18110008772,ADAPTER 1501-12-12,2026-02-28,0.0,ARIMA,1.7867540397455783
A18110008772,ADAPTER 1501-12-12,2026-03-31,1.0,ARIMA,1.7867540397455783
A18110008772,ADAPTER 1501-12-12,2026-04-30,1.0,ARIMA,1.7867540397455783
A18110008772,ADAPTER 1501-12-12,2026-05-31,1.0,ARIMA,1.7867540397455783
A18110008772,ADAPTER 1501-12-12,2026-06-30,1.0,ARIMA,1.7867540397455783
A18110008772,ADAPTER 1501-12-12,2026-07-31,1.0,ARIMA,1.7867540397455783
A18110008772,ADAPTER 1501-12-12,2026-08-31,0.0,ARIMA,1.7867540397455783
A18110008772,ADAPTER 1501-12-12,2026-09-30,1.0,ARIMA,1.7867540397455783
A18120000072,ADAPTER 1404-08-08,2025-10-31,0.0,Prophet,5.660270006444686
A18120000072,ADAPTER 1404-08-08,2025-11-30,0.0,Prophet,5.660270006444686
A18120000072,ADAPTER 1404-08-08,2025-12-31,0.0,Prophet,5.660270006444686
A18120000072,ADAPTER 1404-08-08,2026-01-31,1.0,Prophet,5.660270006444686
A18120000072,ADAPTER 1404-08-08,2026-02-28,1.0,Prophet,5.660270006444686
A18120000072,ADAPTER 1404-08-08,2026-03-31,6.0,Prophet,5.660270006444686
A18120000072,ADAPTER 1404-08-08,2026-04-30,4.0,Prophet,5.660270006444686
A18120000072,ADAPTER 1404-08-08,2026-05-31,1.0,Prophet,5.660270006444686
A18120000072,ADAPTER 1404-08-08,2026-06-30,1.0,Prophet,5.660270006444686
A18120000072,ADAPTER 1404-08-08,2026-07-31,1.0,Prophet,5.660270006444686
A18120000072,ADAPTER 1404-08-08,2026-08-31,3.0,Prophet,5.660270006444686
A18120000072,ADAPTER 1404-08-08,2026-09-30,3.0,Prophet,5.660270006444686
A18110010467,MOTOR P/N 0053060089 GM3A-700-8EGXT-D47-INT.B30,2025-10-31,4.0,SARIMA,4.842329591182358
A18110010467,MOTOR P/N 0053060089 GM3A-700-8EGXT-D47-INT.B30,2025-11-30,7.0,SARIMA,4.842329591182358
A18110010467,MOTOR P/N 0053060089 GM3A-700-8EGXT-D47-INT.B30,2025-12-31,5.0,SARIMA,4.842329591182358
A18110010467,MOTOR P/N 0053060089 GM3A-700-8EGXT-D47-INT.B30,2026-01-31,3.0,SARIMA,4.842329591182358
A18110010467,MOTOR P/N 0053060089 GM3A-700-8EGXT-D47-INT.B30,2026-02-28,0.0,SARIMA,4.842329591182358
A18110010467,MOTOR P/N 0053060089 GM3A-700-8EGXT-D47-INT.B30,2026-03-31,3.0,SARIMA,4.842329591182358
A18110010467,MOTOR P/N 0053060089 GM3A-700-8EGXT-D47-INT.B30,2026-04-30,4.0,SARIMA,4.842329591182358
A18110010467,MOTOR P/N 0053060089 GM3A-700-8EGXT-D47-INT.B30,2026-05-31,3.0,SARIMA,4.842329591182358
A18110010467,MOTOR P/N 0053060089 GM3A-700-8EGXT-D47-INT.B30,2026-06-30,9.0,SARIMA,4.842329591182358
A18110010467,MOTOR P/N 0053060089 GM3A-700-8EGXT-D47-INT.B30,2026-07-31,4.0,SARIMA,4.842329591182358
A18110010467,MOTOR P/N 0053060089 GM3A-700-8EGXT-D47-INT.B30,2026-08-31,3.0,SARIMA,4.842329591182358
A18110010467,MOTOR P/N 0053060089 GM3A-700-8EGXT-D47-INT.B30,2026-09-30,4.0,SARIMA,4.842329591182358
A19010000265,MOTOR CHAR-LYNN 2000 M02049[105-1001-006 Entrega: 3 días,2025-10-31,0.0,SARIMA,2.0164257842920024
A19010000265,MOTOR CHAR-LYNN 2000 M02049[105-1001-006 Entrega: 3 días,2025-11-30,3.0,SARIMA,2.0164257842920024
A19010000265,MOTOR CHAR-LYNN 2000 M02049[105-1001-006 Entrega: 3 días,2025-12-31,0.0,SARIMA,2.0164257842920024
A19010000265,MOTOR CHAR-LYNN 2000 M02049[105-1001-006 Entrega: 3 días,2026-01-31,0.0,SARIMA,2.0164257842920024
A19010000265,MOTOR CHAR-LYNN 2000 M02049[105-1001-006 Entrega: 3 días,2026-02-28,0.0,SARIMA,2.0164257842920024
A19010000265,MOTOR CHAR-LYNN 2000 M02049[105-1001-006 Entrega: 3 días,2026-03-31,0.0,SARIMA,2.0164257842920024
A19010000265,MOTOR CHAR-LYNN 2000 M02049[105-1001-006 Entrega: 3 días,2026-04-30,0.0,SARIMA,2.0164257842920024
A19010000265,MOTOR CHAR-LYNN 2000 M02049[105-1001-006 Entrega: 3 días,2026-05-31,4.0,SARIMA,2.0164257842920024
A19010000265,MOTOR CHAR-LYNN 2000 M02049[105-1001-006 Entrega: 3 días,2026-06-30,0.0,SARIMA,2.0164257842920024
A19010000265,MOTOR CHAR-LYNN 2000 M02049[105-1001-006 Entrega: 3 días,2026-07-31,0.0,SARIMA,2.0164257842920024
A19010000265,MOTOR CHAR-LYNN 2000 M02049[105-1001-006 Entrega: 3 días,2026-08-31,1.0,SARIMA,2.0164257842920024
A19010000265,MOTOR CHAR-LYNN 2000 M02049[105-1001-006 Entrega: 3 días,2026-09-30,1.0,SARIMA,2.0164257842920024
A18110008724,ADAPTER 1501-08-08,2025-10-31,0.0,ARIMA,2.846619388241955
A18110008724,ADAPTER 1501-08-08,2025-11-30,0.0,ARIMA,2.846619388241955
A18110008724,ADAPTER 1501-08-08,2025-12-31,0.0,ARIMA,2.846619388241955
A18110008724,ADAPTER 1501-08-08,2026-01-31,0.0,ARIMA,2.846619388241955
A18110008724,ADAPTER 1501-08-08,2026-02-28,0.0,ARIMA,2.846619388241955
A18110008724,ADAPTER 1501-08-08,2026-03-31,0.0,ARIMA,2.846619388241955
A18110008724,ADAPTER 1501-08-08,2026-04-30,0.0,ARIMA,2.846619388241955
A18110008724,ADAPTER 1501-08-08,2026-05-31,0.0,ARIMA,2.846619388241955
A18110008724,ADAPTER 1501-08-08,2026-06-30,0.0,ARIMA,2.846619388241955
A18110008724,ADAPTER 1501-08-08,2026-07-31,0.0,ARIMA,2.846619388241955
A18110008724,ADAPTER 1501-08-08,2026-08-31,0.0,ARIMA,2.846619388241955
A18110008724,ADAPTER 1501-08-08,2026-09-30,0.0,ARIMA,2.846619388241955
A18130007768,SEAL KIT T6ED,2025-10-31,3.0,ARIMA,4.5309722824217245
A18130007768,SEAL KIT T6ED,2025-11-30,4.0,ARIMA,4.5309722824217245
A18130007768,SEAL KIT T6ED,2025-12-31,4.0,ARIMA,4.5309722824217245
A18130007768,SEAL KIT T6ED,2026-01-31,5.0,ARIMA,4.5309722824217245
A18130007768,SEAL KIT T6ED,2026-02-28,5.0,ARIMA,4.5309722824217245
A18130007768,SEAL KIT T6ED,2026-03-31,5.0,ARIMA,4.5309722824217245
A18130007768,SEAL KIT T6ED,2026-04-30,5.0,ARIMA,4.5309722824217245
A18130007768,SEAL KIT T6ED,2026-05-31,5.0,ARIMA,4.5309722824217245
A18130007768,SEAL KIT T6ED,2026-06-30,5.0,ARIMA,4.5309722824217245
A18130007768,SEAL KIT T6ED,2026-07-31,5.0,ARIMA,4.5309722824217245
A18130007768,SEAL KIT T6ED,2026-08-31,5.0,ARIMA,4.5309722824217245
A18130007768,SEAL KIT T6ED,2026-09-30,5.0,ARIMA,4.5309722824217245
A19010000039,"BRONZE BEARING DISC D37, D40, D47",2025-10-31,0.0,RandomForest,2.4012172838884123
A19010000039,"BRONZE BEARING DISC D37, D40, D47",2025-11-30,0.0,RandomForest,2.4012172838884123
A19010000039,"BRONZE BEARING DISC D37, D40, D47",2025-12-31,0.0,RandomForest,2.4012172838884123
A19010000039,"BRONZE BEARING DISC D37, D40, D47",2026-01-31,1.0,RandomForest,2.4012172838884123
A19010000039,"BRONZE BEARING DISC D37, D40, D47",2026-02-28,1.0,RandomForest,2.4012172838884123
A19010000039,"BRONZE BEARING DISC D37, D40, D47",2026-03-31,5.0,RandomForest,2.4012172838884123
A19010000039,"BRONZE BEARING DISC D37, D40, D47",2026-04-30,0.0,RandomForest,2.4012172838884123
A19010000039,"BRONZE BEARING DISC D37, D40, D47",2026-05-31,0.0,RandomForest,2.4012172838884123
A19010000039,"BRONZE BEARING DISC D37, D40, D47",2026-06-30,0.0,RandomForest,2.4012172838884123
A19010000039,"BRONZE BEARING DISC D37, D40, D47",2026-07-31,0.0,RandomForest,2.4012172838884123
A19010000039,"BRONZE BEARING DISC D37, D40, D47",2026-08-31,1.0,RandomForest,2.4012172838884123
A19010000039,"BRONZE BEARING DISC D37, D40, D47",2026-09-30,0.0,RandomForest,2.4012172838884123
A18130007676,SEAL U-800 / IT-700     7130 H1L5,2025-10-31,2.0,RandomForest,0.3560586718193755
A18130007676,SEAL U-800 / IT-700     7130 H1L5,2025-11-30,1.0,RandomForest,0.3560586718193755
A18130007676,SEAL U-800 / IT-700     7130 H1L5,2025-12-31,1.0,RandomForest,0.3560586718193755
A18130007676,SEAL U-800 / IT-700     7130 H1L5,2026-01-31,2.0,RandomForest,0.3560586718193755
A18130007676,SEAL U-800 / IT-700     7130 H1L5,2026-02-28,0.0,RandomForest,0.3560586718193755
A18130007676,SEAL U-800 / IT-700     7130 H1L5,2026-03-31,0.0,RandomForest,0.3560586718193755
A18130007676,SEAL U-800 / IT-700     7130 H1L5,2026-04-30,0.0,RandomForest,0.3560586718193755
A18130007676,SEAL U-800 / IT-700     7130 H1L5,2026-05-31,0.0,RandomForest,0.3560586718193755
A18130007676,SEAL U-800 / IT-700     7130 H1L5,2026-06-30,0.0,RandomForest,0.3560586718193755
A18130007676,SEAL U-800 / IT-700     7130 H1L5,2026-07-31,0.0,RandomForest,0.3560586718193755
A18130007676,SEAL U-800 / IT-700     7130 H1L5,2026-08-31,0.0,RandomForest,0.3560586718193755
A18130007676,SEAL U-800 / IT-700     7130 H1L5,2026-09-30,2.0,RandomForest,0.3560586718193755
A18110010480,BRONZE BEARING DISC D90,2025-10-31,2.0,XGBoost,1.4533709043448806
A18110010480,BRONZE BEARING DISC D90,2025-11-30,2.0,XGBoost,1.4533709043448806
A18110010480,BRONZE BEARING DISC D90,2025-12-31,2.0,XGBoost,1.4533709043448806
A18110010480,BRONZE BEARING DISC D90,2026-01-31,2.0,XGBoost,1.4533709043448806
A18110010480,BRONZE BEARING DISC D90,2026-02-28,3.0,XGBoost,1.4533709043448806
A18110010480,BRONZE BEARING DISC D90,2026-03-31,0.0,XGBoost,1.4533709043448806
A18110010480,BRONZE BEARING DISC D90,2026-04-30,0.0,XGBoost,1.4533709043448806
A18110010480,BRONZE BEARING DISC D90,2026-05-31,0.0,XGBoost,1.4533709043448806
A18110010480,BRONZE BEARING DISC D90,2026-06-30,1.0,XGBoost,1.4533709043448806
A18110010480,BRONZE BEARING DISC D90,2026-07-31,0.0,XGBoost,1.4533709043448806
A18110010480,BRONZE BEARING DISC D90,2026-08-31,7.0,XGBoost,1.4533709043448806
A18110010480,BRONZE BEARING DISC D90,2026-09-30,2.0,XGBoost,1.4533709043448806
A18110010327,UNION ELBOW 3/8 - 3/8 OD,2025-10-31,0.0,ARIMA,5.953615392755918e-58
A18110010327,UNION ELBOW 3/8 - 3/8 OD,2025-11-30,0.0,ARIMA,5.953615392755918e-58
A18110010327,UNION ELBOW 3/8 - 3/8 OD,2025-12-31,0.0,ARIMA,5.953615392755918e-58
A18110010327,UNION ELBOW 3/8 - 3/8 OD,2026-01-31,0.0,ARIMA,5.953615392755918e-58
A18110010327,UNION ELBOW 3/8 - 3/8 OD,2026-02-28,0.0,ARIMA,5.953615392755918e-58
A18110010327,UNION ELBOW 3/8 - 3/8 OD,2026-03-31,0.0,ARIMA,5.953615392755918e-58
A18110010327,UNION ELBOW 3/8 - 3/8 OD,2026-04-30,0.0,ARIMA,5.953615392755918e-58
A18110010327,UNION ELBOW 3/8 - 3/8 OD,2026-05-31,0.0,ARIMA,5.953615392755918e-58
A18110010327,UNION ELBOW 3/8 - 3/8 OD,2026-06-30,0.0,ARIMA,5.953615392755918e-58
A18110010327,UNION ELBOW 3/8 - 3/8 OD,2026-07-31,0.0,ARIMA,5.953615392755918e-58
A18110010327,UNION ELBOW 3/8 - 3/8 OD,2026-08-31,0.0,ARIMA,5.953615392755918e-58
A18110010327,UNION ELBOW 3/8 - 3/8 OD,2026-09-30,0.0,ARIMA,5.953615392755918e-58
A18110011035,INSERTO S.S. 5/8. 13182-1,2025-10-31,1.0,Prophet,2.4882185968421364
A18110011035,INSERTO S.S. 5/8. 13182-1,2025-11-30,2.0,Prophet,2.4882185968421364
A18110011035,INSERTO S.S. 5/8. 13182-1,2025-12-31,2.0,Prophet,2.4882185968421364
A18110011035,INSERTO S.S. 5/8. 13182-1,2026-01-31,5.0,Prophet,2.4882185968421364
A18110011035,INSERTO S.S. 5/8. 13182-1,2026-02-28,0.0,Prophet,2.4882185968421364
A18110011035,INSERTO S.S. 5/8. 13182-1,2026-03-31,0.0,Prophet,2.4882185968421364
A18110011035,INSERTO S.S. 5/8. 13182-1,2026-04-30,0.0,Prophet,2.4882185968421364
A18110011035,INSERTO S.S. 5/8. 13182-1,2026-05-31,1.0,Prophet,2.4882185968421364
A18110011035,INSERTO S.S. 5/8. 13182-1,2026-06-30,1.0,Prophet,2.4882185968421364
A18110011035,INSERTO S.S. 5/8. 13182-1,2026-07-31,3.0,Prophet,2.4882185968421364
A18110011035,INSERTO S.S. 5/8. 13182-1,2026-08-31,1.0,Prophet,2.4882185968421364
A18110011035,INSERTO S.S. 5/8. 13182-1,2026-09-30,1.0,Prophet,2.4882185968421364
A18110000462,SEAL KIT 6000 STD & WHEEL,2025-10-31,0.0,ARIMA,0.29989865106140096
A18110000462,SEAL KIT 6000 STD & WHEEL,2025-11-30,0.0,ARIMA,0.29989865106140096
A18110000462,SEAL KIT 6000 STD & WHEEL,2025-12-31,0.0,ARIMA,0.29989865106140096
A18110000462,SEAL KIT 6000 STD & WHEEL,2026-01-31,0.0,ARIMA,0.29989865106140096
A18110000462,SEAL KIT 6000 STD & WHEEL,2026-02-28,0.0,ARIMA,0.29989865106140096
A18110000462,SEAL KIT 6000 STD & WHEEL,2026-03-31,0.0,ARIMA,0.29989865106140096
A18110000462,SEAL KIT 6000 STD & WHEEL,2026-04-30,0.0,ARIMA,0.29989865106140096
A18110000462,SEAL KIT 6000 STD & WHEEL,2026-05-31,0.0,ARIMA,0.29989865106140096
A18110000462,SEAL KIT 6000 STD & WHEEL,2026-06-30,0.0,ARIMA,0.29989865106140096
A18110000462,SEAL KIT 6000 STD & WHEEL,2026-07-31,0.0,ARIMA,0.29989865106140096
A18110000462,SEAL KIT 6000 STD & WHEEL,2026-08-31,0.0,ARIMA,0.29989865106140096
A18110000462,SEAL KIT 6000 STD & WHEEL,2026-09-30,0.0,ARIMA,0.29989865106140096
A18130006171,SELLO ACEITE / MARCO / MARCO W1060 / 15391,2025-10-31,1.0,ARIMA,1.9176797645225534
A18130006171,SELLO ACEITE / MARCO / MARCO W1060 / 15391,2025-11-30,1.0,ARIMA,1.9176797645225534
A18130006171,SELLO ACEITE / MARCO / MARCO W1060 / 15391,2025-12-31,0.0,ARIMA,1.9176797645225534
A18130006171,SELLO ACEITE / MARCO / MARCO W1060 / 15391,2026-01-31,0.0,ARIMA,1.9176797645225534
A18130006171,SELLO ACEITE / MARCO / MARCO W1060 / 15391,2026-02-28,0.0,ARIMA,1.9176797645225534
A18130006171,SELLO ACEITE / MARCO / MARCO W1060 / 15391,2026-03-31,0.0,ARIMA,1.9176797645225534
A18130006171,SELLO ACEITE / MARCO / MARCO W1060 / 15391,2026-04-30,0.0,ARIMA,1.9176797645225534
A18130006171,SELLO ACEITE / MARCO / MARCO W1060 / 15391,2026-05-31,0.0,ARIMA,1.9176797645225534
A18130006171,SELLO ACEITE / MARCO / MARCO W1060 / 15391,2026-06-30,0.0,ARIMA,1.9176797645225534
A18130006171,SELLO ACEITE / MARCO / MARCO W1060 / 15391,2026-07-31,0.0,ARIMA,1.9176797645225534
A18130006171,SELLO ACEITE / MARCO / MARCO W1060 / 15391,2026-08-31,0.0,ARIMA,1.9176797645225534
A18130006171,SELLO ACEITE / MARCO / MARCO W1060 / 15391,2026-09-30,0.0,ARIMA,1.9176797645225534
A18110010330,"SEAL U-881/2/5  85438,   15373 5066",2025-10-31,1.0,RandomForest,0.9072975746076306
A18110010330,"SEAL U-881/2/5  85438,   15373 5066",2025-11-30,3.0,RandomForest,0.9072975746076306
A18110010330,"SEAL U-881/2/5  85438,   15373 5066",2025-12-31,0.0,RandomForest,0.9072975746076306
A18110010330,"SEAL U-881/2/5  85438,   15373 5066",2026-01-31,1.0,RandomForest,0.9072975746076306
A18110010330,"SEAL U-881/2/5  85438,   15373 5066",2026-02-28,0.0,RandomForest,0.9072975746076306
A18110010330,"SEAL U-881/2/5  85438,   15373 5066",2026-03-31,0.0,RandomForest,0.9072975746076306
A18110010330,"SEAL U-881/2/5  85438,   15373 5066",2026-04-30,0.0,RandomForest,0.9072975746076306
A18110010330,"SEAL U-881/2/5  85438,   15373 5066",2026-05-31,2.0,RandomForest,0.9072975746076306
A18110010330,"SEAL U-881/2/5  85438,   15373 5066",2026-06-30,1.0,RandomForest,0.9072975746076306
A18110010330,"SEAL U-881/2/5  85438,   15373 5066",2026-07-31,0.0,RandomForest,0.9072975746076306
A18110010330,"SEAL U-881/2/5  85438,   15373 5066",2026-08-31,0.0,RandomForest,0.9072975746076306
A18110010330,"SEAL U-881/2/5  85438,   15373 5066",2026-09-30,0.0,RandomForest,0.9072975746076306
A18110008863,SEAL KIT 6000 BEARINGLESS,2025-10-31,1.0,ARIMA,1.1357157692433977
A18110008863,SEAL KIT 6000 BEARINGLESS,2025-11-30,1.0,ARIMA,1.1357157692433977
A18110008863,SEAL KIT 6000 BEARINGLESS,2025-12-31,0.0,ARIMA,1.1357157692433977
A18110008863,SEAL KIT 6000 BEARINGLESS,2026-01-31,0.0,ARIMA,1.1357157692433977
A18110008863,SEAL KIT 6000 BEARINGLESS,2026-02-28,1.0,ARIMA,1.1357157692433977
A18110008863,SEAL KIT 6000 BEARINGLESS,2026-03-31,1.0,ARIMA,1.1357157692433977
A18110008863,SEAL KIT 6000 BEARINGLESS,2026-04-30,1.0,ARIMA,1.1357157692433977
A18110008863,SEAL KIT 6000 BEARINGLESS,2026-05-31,1.0,ARIMA,1.1357157692433977
A18110008863,SEAL KIT 6000 BEARINGLESS,2026-06-30,1.0,ARIMA,1.1357157692433977
A18110008863,SEAL KIT 6000 BEARINGLESS,2026-07-31,1.0,ARIMA,1.1357157692433977
A18110008863,SEAL KIT 6000 BEARINGLESS,2026-08-31,1.0,ARIMA,1.1357157692433977
A18110008863,SEAL KIT 6000 BEARINGLESS,2026-09-30,1.0,ARIMA,1.1357157692433977
A18110008641,ADAPTER 1404-16-16,2025-10-31,0.0,ARIMA,1.4148396749466823
A18110008641,ADAPTER 1404-16-16,2025-11-30,0.0,ARIMA,1.4148396749466823
A18110008641,ADAPTER 1404-16-16,2025-12-31,0.0,ARIMA,1.4148396749466823
A18110008641,ADAPTER 1404-16-16,2026-01-31,0.0,ARIMA,1.4148396749466823
A18110008641,ADAPTER 1404-16-16,2026-02-28,0.0,ARIMA,1.4148396749466823
A18110008641,ADAPTER 1404-16-16,2026-03-31,0.0,ARIMA,1.4148396749466823
A18110008641,ADAPTER 1404-16-16,2026-04-30,0.0,ARIMA,1.4148396749466823
A18110008641,ADAPTER 1404-16-16,2026-05-31,0.0,ARIMA,1.4148396749466823
A18110008641,ADAPTER 1404-16-16,2026-06-30,0.0,ARIMA,1.4148396749466823
A18110008641,ADAPTER 1404-16-16,2026-07-31,0.0,ARIMA,1.4148396749466823
A18110008641,ADAPTER 1404-16-16,2026-08-31,0.0,ARIMA,1.4148396749466823
A18110008641,ADAPTER 1404-16-16,2026-09-30,0.0,ARIMA,1.4148396749466823
A18110001067,SPOOL D12 TND CODE 421207015,2025-10-31,3.0,ARIMA,2.021479834812248
A18110001067,SPOOL D12 TND CODE 421207015,2025-11-30,1.0,ARIMA,2.021479834812248
A18110001067,SPOOL D12 TND CODE 421207015,2025-12-31,2.0,ARIMA,2.021479834812248
A18110001067,SPOOL D12 TND CODE 421207015,2026-01-31,1.0,ARIMA,2.021479834812248
A18110001067,SPOOL D12 TND CODE 421207015,2026-02-28,1.0,ARIMA,2.021479834812248
A18110001067,SPOOL D12 TND CODE 421207015,2026-03-31,2.0,ARIMA,2.021479834812248
A18110001067,SPOOL D12 TND CODE 421207015,2026-04-30,2.0,ARIMA,2.021479834812248
A18110001067,SPOOL D12 TND CODE 421207015,2026-05-31,2.0,ARIMA,2.021479834812248
A18110001067,SPOOL D12 TND CODE 421207015,2026-06-30,2.0,ARIMA,2.021479834812248
A18110001067,SPOOL D12 TND CODE 421207015,2026-07-31,2.0,ARIMA,2.021479834812248
A18110001067,SPOOL D12 TND CODE 421207015,2026-08-31,2.0,ARIMA,2.021479834812248
A18110001067,SPOOL D12 TND CODE 421207015,2026-09-30,2.0,ARIMA,2.021479834812248
A18110011143,DISOLVENTE UNISOL,2025-10-31,1.0,ARIMA,1.2984766123751346
A18110011143,DISOLVENTE UNISOL,2025-11-30,0.0,ARIMA,1.2984766123751346
A18110011143,DISOLVENTE UNISOL,2025-12-31,1.0,ARIMA,1.2984766123751346
A18110011143,DISOLVENTE UNISOL,2026-01-31,0.0,ARIMA,1.2984766123751346
A18110011143,DISOLVENTE UNISOL,2026-02-28,1.0,ARIMA,1.2984766123751346
A18110011143,DISOLVENTE UNISOL,2026-03-31,0.0,ARIMA,1.2984766123751346
A18110011143,DISOLVENTE UNISOL,2026-04-30,1.0,ARIMA,1.2984766123751346
A18110011143,DISOLVENTE UNISOL,2026-05-31,0.0,ARIMA,1.2984766123751346
A18110011143,DISOLVENTE UNISOL,2026-06-30,1.0,ARIMA,1.2984766123751346
A18110011143,DISOLVENTE UNISOL,2026-07-31,1.0,ARIMA,1.2984766123751346
A18110011143,DISOLVENTE UNISOL,2026-08-31,1.0,ARIMA,1.2984766123751346
A18110011143,DISOLVENTE UNISOL,2026-09-30,1.0,ARIMA,1.2984766123751346
A18110008984,LOCK VALVE 07259016 1/2 NPT,2025-10-31,0.0,ARIMA,2.271733004559822
A18110008984,LOCK VALVE 07259016 1/2 NPT,2025-11-30,0.0,ARIMA,2.271733004559822
A18110008984,LOCK VALVE 07259016 1/2 NPT,2025-12-31,0.0,ARIMA,2.271733004559822
A18110008984,LOCK VALVE 07259016 1/2 NPT,2026-01-31,0.0,ARIMA,2.271733004559822
A18110008984,LOCK VALVE 07259016 1/2 NPT,2026-02-28,0.0,ARIMA,2.271733004559822
A18110008984,LOCK VALVE 07259016 1/2 NPT,2026-03-31,0.0,ARIMA,2.271733004559822
A18110008984,LOCK VALVE 07259016 1/2 NPT,2026-04-30,0.0,ARIMA,2.271733004559822
A18110008984,LOCK VALVE 07259016 1/2 NPT,2026-05-31,0.0,ARIMA,2.271733004559822
A18110008984,LOCK VALVE 07259016 1/2 NPT,2026-06-30,0.0,ARIMA,2.271733004559822
A18110008984,LOCK VALVE 07259016 1/2 NPT,2026-07-31,0.0,ARIMA,2.271733004559822
A18110008984,LOCK VALVE 07259016 1/2 NPT,2026-08-31,0.0,ARIMA,2.271733004559822
A18110008984,LOCK VALVE 07259016 1/2 NPT,2026-09-30,0.0,ARIMA,2.271733004559822
A18110008646,ADAPTER 1501-20-20,2025-10-31,2.0,RandomForest,2.686941673270106
A18110008646,ADAPTER 1501-20-20,2025-11-30,1.0,RandomForest,2.686941673270106
A18110008646,ADAPTER 1501-20-20,2025-12-31,2.0,RandomForest,2.686941673270106
A18110008646,ADAPTER 1501-20-20,2026-01-31,0.0,RandomForest,2.686941673270106
A18110008646,ADAPTER 1501-20-20,2026-02-28,0.0,RandomForest,2.686941673270106
A18110008646,ADAPTER 1501-20-20,2026-03-31,4.0,RandomForest,2.686941673270106
A18110008646,ADAPTER 1501-20-20,2026-04-30,1.0,RandomForest,2.686941673270106
A18110008646,ADAPTER 1501-20-20,2026-05-31,0.0,RandomForest,2.686941673270106
A18110008646,ADAPTER 1501-20-20,2026-06-30,0.0,RandomForest,2.686941673270106
A18110008646,ADAPTER 1501-20-20,2026-07-31,0.0,RandomForest,2.686941673270106
A18110008646,ADAPTER 1501-20-20,2026-08-31,0.0,RandomForest,2.686941673270106
A18110008646,ADAPTER 1501-20-20,2026-09-30,2.0,RandomForest,2.686941673270106
A18110008855,SEAL KIT 4000 STD & WHEEL,2025-10-31,0.0,RandomForest,0.7191275578396675
A18110008855,SEAL KIT 4000 STD & WHEEL,2025-11-30,0.0,RandomForest,0.7191275578396675
A18110008855,SEAL KIT 4000 STD & WHEEL,2025-12-31,0.0,RandomForest,0.7191275578396675
A18110008855,SEAL KIT 4000 STD & WHEEL,2026-01-31,5.0,RandomForest,0.7191275578396675
A18110008855,SEAL KIT 4000 STD & WHEEL,2026-02-28,0.0,RandomForest,0.7191275578396675
A18110008855,SEAL KIT 4000 STD & WHEEL,2026-03-31,0.0,RandomForest,0.7191275578396675
A18110008855,SEAL KIT 4000 STD & WHEEL,2026-04-30,0.0,RandomForest,0.7191275578396675
A18110008855,SEAL KIT 4000 STD & WHEEL,2026-05-31,0.0,RandomForest,0.7191275578396675
A18110008855,SEAL KIT 4000 STD & WHEEL,2026-06-30,1.0,RandomForest,0.7191275578396675
A18110008855,SEAL KIT 4000 STD & WHEEL,2026-07-31,2.0,RandomForest,0.7191275578396675
A18110008855,SEAL KIT 4000 STD & WHEEL,2026-08-31,0.0,RandomForest,0.7191275578396675
A18110008855,SEAL KIT 4000 STD & WHEEL,2026-09-30,0.0,RandomForest,0.7191275578396675
A18130007812,BOMBA SIMPLE A/N 382082-3,2025-10-31,1.0,SARIMA,1.2892165015297297
A18130007812,BOMBA SIMPLE A/N 382082-3,2025-11-30,5.0,SARIMA,1.2892165015297297
A18130007812,BOMBA SIMPLE A/N 382082-3,2025-12-31,2.0,SARIMA,1.2892165015297297
A18130007812,BOMBA SIMPLE A/N 382082-3,2026-01-31,2.0,SARIMA,1.2892165015297297
A18130007812,BOMBA SIMPLE A/N 382082-3,2026-02-28,2.0,SARIMA,1.2892165015297297
A18130007812,BOMBA SIMPLE A/N 382082-3,2026-03-31,5.0,SARIMA,1.2892165015297297
A18130007812,BOMBA SIMPLE A/N 382082-3,2026-04-30,3.0,SARIMA,1.2892165015297297
A18130007812,BOMBA SIMPLE A/N 382082-3,2026-05-31,1.0,SARIMA,1.2892165015297297
A18130007812,BOMBA SIMPLE A/N 382082-3,2026-06-30,2.0,SARIMA,1.2892165015297297
A18130007812,BOMBA SIMPLE A/N 382082-3,2026-07-31,2.0,SARIMA,1.2892165015297297
A18130007812,BOMBA SIMPLE A/N 382082-3,2026-08-31,3.0,SARIMA,1.2892165015297297
A18130007812,BOMBA SIMPLE A/N 382082-3,2026-09-30,4.0,SARIMA,1.2892165015297297
A18130007814,BOMBA SIMPLE V20-1P6P-1C-11 VICKERS,2025-10-31,1.0,Prophet,1.8030664857375949
A18130007814,BOMBA SIMPLE V20-1P6P-1C-11 VICKERS,2025-11-30,0.0,Prophet,1.8030664857375949
A18130007814,BOMBA SIMPLE V20-1P6P-1C-11 VICKERS,2025-12-31,1.0,Prophet,1.8030664857375949
A18130007814,BOMBA SIMPLE V20-1P6P-1C-11 VICKERS,2026-01-31,1.0,Prophet,1.8030664857375949
A18130007814,BOMBA SIMPLE V20-1P6P-1C-11 VICKERS,2026-02-28,3.0,Prophet,1.8030664857375949
A18130007814,BOMBA SIMPLE V20-1P6P-1C-11 VICKERS,2026-03-31,1.0,Prophet,1.8030664857375949
A18130007814,BOMBA SIMPLE V20-1P6P-1C-11 VICKERS,2026-04-30,2.0,Prophet,1.8030664857375949
A18130007814,BOMBA SIMPLE V20-1P6P-1C-11 VICKERS,2026-05-31,0.0,Prophet,1.8030664857375949
A18130007814,BOMBA SIMPLE V20-1P6P-1C-11 VICKERS,2026-06-30,1.0,Prophet,1.8030664857375949
A18130007814,BOMBA SIMPLE V20-1P6P-1C-11 VICKERS,2026-07-31,3.0,Prophet,1.8030664857375949
A18130007814,BOMBA SIMPLE V20-1P6P-1C-11 VICKERS,2026-08-31,0.0,Prophet,1.8030664857375949
A18130007814,BOMBA SIMPLE V20-1P6P-1C-11 VICKERS,2026-09-30,1.0,Prophet,1.8030664857375949
A18130007399,SEAL KIT 36M,2025-10-31,0.0,Prophet,1.517651367132711
A18130007399,SEAL KIT 36M,2025-11-30,1.0,Prophet,1.517651367132711
A18130007399,SEAL KIT 36M,2025-12-31,0.0,Prophet,1.517651367132711
A18130007399,SEAL KIT 36M,2026-01-31,1.0,Prophet,1.517651367132711
A18130007399,SEAL KIT 36M,2026-02-28,1.0,Prophet,1.517651367132711
A18130007399,SEAL KIT 36M,2026-03-31,2.0,Prophet,1.517651367132711
A18130007399,SEAL KIT 36M,2026-04-30,0.0,Prophet,1.517651367132711
A18130007399,SEAL KIT 36M,2026-05-31,0.0,Prophet,1.517651367132711
A18130007399,SEAL KIT 36M,2026-06-30,0.0,Prophet,1.517651367132711
A18130007399,SEAL KIT 36M,2026-07-31,0.0,Prophet,1.517651367132711
A18130007399,SEAL KIT 36M,2026-08-31,1.0,Prophet,1.517651367132711
A18130007399,SEAL KIT 36M,2026-09-30,0.0,Prophet,1.517651367132711
A18130006764,CARTRIDGE KIT 45VQ-60,2025-10-31,1.0,ARIMA,1.607764125275637
A18130006764,CARTRIDGE KIT 45VQ-60,2025-11-30,1.0,ARIMA,1.607764125275637
A18130006764,CARTRIDGE KIT 45VQ-60,2025-12-31,1.0,ARIMA,1.607764125275637
A18130006764,CARTRIDGE KIT 45VQ-60,2026-01-31,1.0,ARIMA,1.607764125275637
A18130006764,CARTRIDGE KIT 45VQ-60,2026-02-28,0.0,ARIMA,1.607764125275637
A18130006764,CARTRIDGE KIT 45VQ-60,2026-03-31,1.0,ARIMA,1.607764125275637
A18130006764,CARTRIDGE KIT 45VQ-60,2026-04-30,1.0,ARIMA,1.607764125275637
A18130006764,CARTRIDGE KIT 45VQ-60,2026-05-31,1.0,ARIMA,1.607764125275637
A18130006764,CARTRIDGE KIT 45VQ-60,2026-06-30,1.0,ARIMA,1.607764125275637
A18130006764,CARTRIDGE KIT 45VQ-60,2026-07-31,1.0,ARIMA,1.607764125275637
A18130006764,CARTRIDGE KIT 45VQ-60,2026-08-31,1.0,ARIMA,1.607764125275637
A18130006764,CARTRIDGE KIT 45VQ-60,2026-09-30,1.0,ARIMA,1.607764125275637
A18130006133,DIAPHRAGM 13923-01 TYPE 50 BENDIX (17767),2025-10-31,3.0,SARIMA,1.0231654161851325
A18130006133,DIAPHRAGM 13923-01 TYPE 50 BENDIX (17767),2025-11-30,0.0,SARIMA,1.0231654161851325
A18130006133,DIAPHRAGM 13923-01 TYPE 50 BENDIX (17767),2025-12-31,0.0,SARIMA,1.0231654161851325
A18130006133,DIAPHRAGM 13923-01 TYPE 50 BENDIX (17767),2026-01-31,0.0,SARIMA,1.0231654161851325
A18130006133,DIAPHRAGM 13923-01 TYPE 50 BENDIX (17767),2026-02-28,1.0,SARIMA,1.0231654161851325
A18130006133,DIAPHRAGM 13923-01 TYPE 50 BENDIX (17767),2026-03-31,3.0,SARIMA,1.0231654161851325
A18130006133,DIAPHRAGM 13923-01 TYPE 50 BENDIX (17767),2026-04-30,0.0,SARIMA,1.0231654161851325
A18130006133,DIAPHRAGM 13923-01 TYPE 50 BENDIX (17767),2026-05-31,0.0,SARIMA,1.0231654161851325
A18130006133,DIAPHRAGM 13923-01 TYPE 50 BENDIX (17767),2026-06-30,0.0,SARIMA,1.0231654161851325
A18130006133,DIAPHRAGM 13923-01 TYPE 50 BENDIX (17767),2026-07-31,0.0,SARIMA,1.0231654161851325
A18130006133,DIAPHRAGM 13923-01 TYPE 50 BENDIX (17767),2026-08-31,0.0,SARIMA,1.0231654161851325
A18130006133,DIAPHRAGM 13923-01 TYPE 50 BENDIX (17767),2026-09-30,0.0,SARIMA,1.0231654161851325
A18110009034,"SPOOL D12 CODE 421207005, OPEN CENTER",2025-10-31,0.0,RandomForest,2.0299206333691417
A18110009034,"SPOOL D12 CODE 421207005, OPEN CENTER",2025-11-30,0.0,RandomForest,2.0299206333691417
A18110009034,"SPOOL D12 CODE 421207005, OPEN CENTER",2025-12-31,0.0,RandomForest,2.0299206333691417
A18110009034,"SPOOL D12 CODE 421207005, OPEN CENTER",2026-01-31,0.0,RandomForest,2.0299206333691417
A18110009034,"SPOOL D12 CODE 421207005, OPEN CENTER",2026-02-28,0.0,RandomForest,2.0299206333691417
A18110009034,"SPOOL D12 CODE 421207005, OPEN CENTER",2026-03-31,0.0,RandomForest,2.0299206333691417
A18110009034,"SPOOL D12 CODE 421207005, OPEN CENTER",2026-04-30,4.0,RandomForest,2.0299206333691417
A18110009034,"SPOOL D12 CODE 421207005, OPEN CENTER",2026-05-31,0.0,RandomForest,2.0299206333691417
A18110009034,"SPOOL D12 CODE 421207005, OPEN CENTER",2026-06-30,0.0,RandomForest,2.0299206333691417
A18110009034,"SPOOL D12 CODE 421207005, OPEN CENTER",2026-07-31,0.0,RandomForest,2.0299206333691417
A18110009034,"SPOOL D12 CODE 421207005, OPEN CENTER",2026-08-31,1.0,RandomForest,2.0299206333691417
A18110009034,"SPOOL D12 CODE 421207005, OPEN CENTER",2026-09-30,2.0,RandomForest,2.0299206333691417
A18130007393,SEAL KIT 46M,2025-10-31,2.0,RandomForest,0.45007406797844585
A18130007393,SEAL KIT 46M,2025-11-30,0.0,RandomForest,0.45007406797844585
A18130007393,SEAL KIT 46M,2025-12-31,0.0,RandomForest,0.45007406797844585
A18130007393,SEAL KIT 46M,2026-01-31,0.0,RandomForest,0.45007406797844585
A18130007393,SEAL KIT 46M,2026-02-28,1.0,RandomForest,0.45007406797844585
A18130007393,SEAL KIT 46M,2026-03-31,1.0,RandomForest,0.45007406797844585
A18130007393,SEAL KIT 46M,2026-04-30,0.0,RandomForest,0.45007406797844585
A18130007393,SEAL KIT 46M,2026-05-31,0.0,RandomForest,0.45007406797844585
A18130007393,SEAL KIT 46M,2026-06-30,0.0,RandomForest,0.45007406797844585
A18130007393,SEAL KIT 46M,2026-07-31,0.0,RandomForest,0.45007406797844585
A18130007393,SEAL KIT 46M,2026-08-31,0.0,RandomForest,0.45007406797844585
A18130007393,SEAL KIT 46M,2026-09-30,2.0,RandomForest,0.45007406797844585
A18110010517,SEAL KIT GM4-1000-D90,2025-10-31,1.0,XGBoost,1.3744569987317903
A18110010517,SEAL KIT GM4-1000-D90,2025-11-30,0.0,XGBoost,1.3744569987317903
A18110010517,SEAL KIT GM4-1000-D90,2025-12-31,0.0,XGBoost,1.3744569987317903
A18110010517,SEAL KIT GM4-1000-D90,2026-01-31,0.0,XGBoost,1.3744569987317903
A18110010517,SEAL KIT GM4-1000-D90,2026-02-28,4.0,XGBoost,1.3744569987317903
A18110010517,SEAL KIT GM4-1000-D90,2026-03-31,1.0,XGBoost,1.3744569987317903
A18110010517,SEAL KIT GM4-1000-D90,2026-04-30,0.0,XGBoost,1.3744569987317903
A18110010517,SEAL KIT GM4-1000-D90,2026-05-31,0.0,XGBoost,1.3744569987317903
A18110010517,SEAL KIT GM4-1000-D90,2026-06-30,0.0,XGBoost,1.3744569987317903
A18110010517,SEAL KIT GM4-1000-D90,2026-07-31,0.0,XGBoost,1.3744569987317903
A18110010517,SEAL KIT GM4-1000-D90,2026-08-31,7.0,XGBoost,1.3744569987317903
A18110010517,SEAL KIT GM4-1000-D90,2026-09-30,0.0,XGBoost,1.3744569987317903
A18110009159,FILTRO DE SUCCION   120  GPM,2025-10-31,6.0,XGBoost,0.8165123639095991
A18110009159,FILTRO DE SUCCION   120  GPM,2025-11-30,0.0,XGBoost,0.8165123639095991
A18110009159,FILTRO DE SUCCION   120  GPM,2025-12-31,0.0,XGBoost,0.8165123639095991
A18110009159,FILTRO DE SUCCION   120  GPM,2026-01-31,1.0,XGBoost,0.8165123639095991
A18110009159,FILTRO DE SUCCION   120  GPM,2026-02-28,0.0,XGBoost,0.8165123639095991
A18110009159,FILTRO DE SUCCION   120  GPM,2026-03-31,0.0,XGBoost,0.8165123639095991
A18110009159,FILTRO DE SUCCION   120  GPM,2026-04-30,1.0,XGBoost,0.8165123639095991
A18110009159,FILTRO DE SUCCION   120  GPM,2026-05-31,0.0,XGBoost,0.8165123639095991
A18110009159,FILTRO DE SUCCION   120  GPM,2026-06-30,2.0,XGBoost,0.8165123639095991
A18110009159,FILTRO DE SUCCION   120  GPM,2026-07-31,0.0,XGBoost,0.8165123639095991
A18110009159,FILTRO DE SUCCION   120  GPM,2026-08-31,0.0,XGBoost,0.8165123639095991
A18110009159,FILTRO DE SUCCION   120  GPM,2026-09-30,0.0,XGBoost,0.8165123639095991
A18110008644,ADAPTER 1404-20-20,2025-10-31,0.0,XGBoost,1.3336924008874045
A18110008644,ADAPTER 1404-20-20,2025-11-30,0.0,XGBoost,1.3336924008874045
A18110008644,ADAPTER 1404-20-20,2025-12-31,0.0,XGBoost,1.3336924008874045
A18110008644,ADAPTER 1404-20-20,2026-01-31,0.0,XGBoost,1.3336924008874045
A18110008644,ADAPTER 1404-20-20,2026-02-28,0.0,XGBoost,1.3336924008874045
A18110008644,ADAPTER 1404-20-20,2026-03-31,0.0,XGBoost,1.3336924008874045
A18110008644,ADAPTER 1404-20-20,2026-04-30,0.0,XGBoost,1.3336924008874045
A18110008644,ADAPTER 1404-20-20,2026-05-31,0.0,XGBoost,1.3336924008874045
A18110008644,ADAPTER 1404-20-20,2026-06-30,0.0,XGBoost,1.3336924008874045
A18110008644,ADAPTER 1404-20-20,2026-07-31,0.0,XGBoost,1.3336924008874045
A18110008644,ADAPTER 1404-20-20,2026-08-31,0.0,XGBoost,1.3336924008874045
A18110008644,ADAPTER 1404-20-20,2026-09-30,0.0,XGBoost,1.3336924008874045
A18110008716,ADAPTER 1501-16-16,2025-10-31,0.0,RandomForest,1.6715395431889861
A18110008716,ADAPTER 1501-16-16,2025-11-30,1.0,RandomForest,1.6715395431889861
A18110008716,ADAPTER 1501-16-16,2025-12-31,0.0,RandomForest,1.6715395431889861
A18110008716,ADAPTER 1501-16-16,2026-01-31,0.0,RandomForest,1.6715395431889861
A18110008716,ADAPTER 1501-16-16,2026-02-28,0.0,RandomForest,1.6715395431889861
A18110008716,ADAPTER 1501-16-16,2026-03-31,4.0,RandomForest,1.6715395431889861
A18110008716,ADAPTER 1501-16-16,2026-04-30,0.0,RandomForest,1.6715395431889861
A18110008716,ADAPTER 1501-16-16,2026-05-31,0.0,RandomForest,1.6715395431889861
A18110008716,ADAPTER 1501-16-16,2026-06-30,0.0,RandomForest,1.6715395431889861
A18110008716,ADAPTER 1501-16-16,2026-07-31,0.0,RandomForest,1.6715395431889861
A18110008716,ADAPTER 1501-16-16,2026-08-31,0.0,RandomForest,1.6715395431889861
A18110008716,ADAPTER 1501-16-16,2026-09-30,1.0,RandomForest,1.6715395431889861
A18110008778,NIPPLE HEX 5404-08-08,2025-10-31,0.0,ARIMA,3.8108061706276533
A18110008778,NIPPLE HEX 5404-08-08,2025-11-30,0.0,ARIMA,3.8108061706276533
A18110008778,NIPPLE HEX 5404-08-08,2025-12-31,0.0,ARIMA,3.8108061706276533
A18110008778,NIPPLE HEX 5404-08-08,2026-01-31,0.0,ARIMA,3.8108061706276533
A18110008778,NIPPLE HEX 5404-08-08,2026-02-28,0.0,ARIMA,3.8108061706276533
A18110008778,NIPPLE HEX 5404-08-08,2026-03-31,0.0,ARIMA,3.8108061706276533
A18110008778,NIPPLE HEX 5404-08-08,2026-04-30,0.0,ARIMA,3.8108061706276533
A18110008778,NIPPLE HEX 5404-08-08,2026-05-31,0.0,ARIMA,3.8108061706276533
A18110008778,NIPPLE HEX 5404-08-08,2026-06-30,0.0,ARIMA,3.8108061706276533
A18110008778,NIPPLE HEX 5404-08-08,2026-07-31,0.0,ARIMA,3.8108061706276533
A18110008778,NIPPLE HEX 5404-08-08,2026-08-31,0.0,ARIMA,3.8108061706276533
A18110008778,NIPPLE HEX 5404-08-08,2026-09-30,0.0,ARIMA,3.8108061706276533
A18130006274,RING 45VQ-60,2025-10-31,0.0,RandomForest,1.04558861678748
A18130006274,RING 45VQ-60,2025-11-30,1.0,RandomForest,1.04558861678748
A18130006274,RING 45VQ-60,2025-12-31,4.0,RandomForest,1.04558861678748
A18130006274,RING 45VQ-60,2026-01-31,0.0,RandomForest,1.04558861678748
A18130006274,RING 45VQ-60,2026-02-28,0.0,RandomForest,1.04558861678748
A18130006274,RING 45VQ-60,2026-03-31,0.0,RandomForest,1.04558861678748
A18130006274,RING 45VQ-60,2026-04-30,1.0,RandomForest,1.04558861678748
A18130006274,RING 45VQ-60,2026-05-31,1.0,RandomForest,1.04558861678748
A18130006274,RING 45VQ-60,2026-06-30,1.0,RandomForest,1.04558861678748
A18130006274,RING 45VQ-60,2026-07-31,0.0,RandomForest,1.04558861678748
A18130006274,RING 45VQ-60,2026-08-31,0.0,RandomForest,1.04558861678748
A18130006274,RING 45VQ-60,2026-09-30,0.0,RandomForest,1.04558861678748
A18130005806,ADAPTER 1404-12-12,2025-10-31,1.0,ARIMA,2.508973041823422
A18130005806,ADAPTER 1404-12-12,2025-11-30,0.0,ARIMA,2.508973041823422
A18130005806,ADAPTER 1404-12-12,2025-12-31,0.0,ARIMA,2.508973041823422
A18130005806,ADAPTER 1404-12-12,2026-01-31,0.0,ARIMA,2.508973041823422
A18130005806,ADAPTER 1404-12-12,2026-02-28,0.0,ARIMA,2.508973041823422
A18130005806,ADAPTER 1404-12-12,2026-03-31,1.0,ARIMA,2.508973041823422
A18130005806,ADAPTER 1404-12-12,2026-04-30,1.0,ARIMA,2.508973041823422
A18130005806,ADAPTER 1404-12-12,2026-05-31,0.0,ARIMA,2.508973041823422
A18130005806,ADAPTER 1404-12-12,2026-06-30,0.0,ARIMA,2.508973041823422
A18130005806,ADAPTER 1404-12-12,2026-07-31,1.0,ARIMA,2.508973041823422
A18130005806,ADAPTER 1404-12-12,2026-08-31,0.0,ARIMA,2.508973041823422
A18130005806,ADAPTER 1404-12-12,2026-09-30,1.0,ARIMA,2.508973041823422
A18110009048,REMOTE CONTROL D/N 8172 SPRING CENTER,2025-10-31,0.0,ARIMA,1.4894840786733747
A18110009048,REMOTE CONTROL D/N 8172 SPRING CENTER,2025-11-30,3.0,ARIMA,1.4894840786733747
A18110009048,REMOTE CONTROL D/N 8172 SPRING CENTER,2025-12-31,0.0,ARIMA,1.4894840786733747
A18110009048,REMOTE CONTROL D/N 8172 SPRING CENTER,2026-01-31,0.0,ARIMA,1.4894840786733747
A18110009048,REMOTE CONTROL D/N 8172 SPRING CENTER,2026-02-28,0.0,ARIMA,1.4894840786733747
A18110009048,REMOTE CONTROL D/N 8172 SPRING CENTER,2026-03-31,0.0,ARIMA,1.4894840786733747
A18110009048,REMOTE CONTROL D/N 8172 SPRING CENTER,2026-04-30,0.0,ARIMA,1.4894840786733747
A18110009048,REMOTE CONTROL D/N 8172 SPRING CENTER,2026-05-31,2.0,ARIMA,1.4894840786733747
A18110009048,REMOTE CONTROL D/N 8172 SPRING CENTER,2026-06-30,1.0,ARIMA,1.4894840786733747
A18110009048,REMOTE CONTROL D/N 8172 SPRING CENTER,2026-07-31,0.0,ARIMA,1.4894840786733747
A18110009048,REMOTE CONTROL D/N 8172 SPRING CENTER,2026-08-31,0.0,ARIMA,1.4894840786733747
A18110009048,REMOTE CONTROL D/N 8172 SPRING CENTER,2026-09-30,0.0,ARIMA,1.4894840786733747
A18110010460,MOTOR P/N 0054100031,2025-10-31,1.0,ARIMA,1.8640114036167201
A18110010460,MOTOR P/N 0054100031,2025-11-30,1.0,ARIMA,1.8640114036167201
A18110010460,MOTOR P/N 0054100031,2025-12-31,1.0,ARIMA,1.8640114036167201
A18110010460,MOTOR P/N 0054100031,2026-01-31,0.0,ARIMA,1.8640114036167201
A18110010460,MOTOR P/N 0054100031,2026-02-28,0.0,ARIMA,1.8640114036167201
A18110010460,MOTOR P/N 0054100031,2026-03-31,1.0,ARIMA,1.8640114036167201
A18110010460,MOTOR P/N 0054100031,2026-04-30,1.0,ARIMA,1.8640114036167201
A18110010460,MOTOR P/N 0054100031,2026-05-31,1.0,ARIMA,1.8640114036167201
A18110010460,MOTOR P/N 0054100031,2026-06-30,1.0,ARIMA,1.8640114036167201
A18110010460,MOTOR P/N 0054100031,2026-07-31,1.0,ARIMA,1.8640114036167201
A18110010460,MOTOR P/N 0054100031,2026-08-31,1.0,ARIMA,1.8640114036167201
A18110010460,MOTOR P/N 0054100031,2026-09-30,1.0,ARIMA,1.8640114036167201
A18130005094,KEY FOR GM3A-INT.B30,2025-10-31,0.0,XGBoost,1.9999743839051907
A18130005094,KEY FOR GM3A-INT.B30,2025-11-30,0.0,XGBoost,1.9999743839051907
A18130005094,KEY FOR GM3A-INT.B30,2025-12-31,0.0,XGBoost,1.9999743839051907
A18130005094,KEY FOR GM3A-INT.B30,2026-01-31,0.0,XGBoost,1.9999743839051907
A18130005094,KEY FOR GM3A-INT.B30,2026-02-28,0.0,XGBoost,1.9999743839051907
A18130005094,KEY FOR GM3A-INT.B30,2026-03-31,6.0,XGBoost,1.9999743839051907
A18130005094,KEY FOR GM3A-INT.B30,2026-04-30,0.0,XGBoost,1.9999743839051907
A18130005094,KEY FOR GM3A-INT.B30,2026-05-31,0.0,XGBoost,1.9999743839051907
A18130005094,KEY FOR GM3A-INT.B30,2026-06-30,0.0,XGBoost,1.9999743839051907
A18130005094,KEY FOR GM3A-INT.B30,2026-07-31,0.0,XGBoost,1.9999743839051907
A18130005094,KEY FOR GM3A-INT.B30,2026-08-31,0.0,XGBoost,1.9999743839051907
A18130005094,KEY FOR GM3A-INT.B30,2026-09-30,0.0,XGBoost,1.9999743839051907
A18110002547,ELECTROVALVULA 02-126361,2025-10-31,0.0,ARIMA,0.9757765478822713
A18110002547,ELECTROVALVULA 02-126361,2025-11-30,0.0,ARIMA,0.9757765478822713
A18110002547,ELECTROVALVULA 02-126361,2025-12-31,0.0,ARIMA,0.9757765478822713
A18110002547,ELECTROVALVULA 02-126361,2026-01-31,0.0,ARIMA,0.9757765478822713
A18110002547,ELECTROVALVULA 02-126361,2026-02-28,0.0,ARIMA,0.9757765478822713
A18110002547,ELECTROVALVULA 02-126361,2026-03-31,0.0,ARIMA,0.9757765478822713
A18110002547,ELECTROVALVULA 02-126361,2026-04-30,0.0,ARIMA,0.9757765478822713
A18110002547,ELECTROVALVULA 02-126361,2026-05-31,0.0,ARIMA,0.9757765478822713
A18110002547,ELECTROVALVULA 02-126361,2026-06-30,0.0,ARIMA,0.9757765478822713
A18110002547,ELECTROVALVULA 02-126361,2026-07-31,0.0,ARIMA,0.9757765478822713
A18110002547,ELECTROVALVULA 02-126361,2026-08-31,0.0,ARIMA,0.9757765478822713
A18110002547,ELECTROVALVULA 02-126361,2026-09-30,0.0,ARIMA,0.9757765478822713
A18110010472,SEAL KIT GM3 STANDARD,2025-10-31,0.0,ARIMA,0.23369352780284927
A18110010472,SEAL KIT GM3 STANDARD,2025-11-30,0.0,ARIMA,0.23369352780284927
A18110010472,SEAL KIT GM3 STANDARD,2025-12-31,0.0,ARIMA,0.23369352780284927
A18110010472,SEAL KIT GM3 STANDARD,2026-01-31,0.0,ARIMA,0.23369352780284927
A18110010472,SEAL KIT GM3 STANDARD,2026-02-28,0.0,ARIMA,0.23369352780284927
A18110010472,SEAL KIT GM3 STANDARD,2026-03-31,0.0,ARIMA,0.23369352780284927
A18110010472,SEAL KIT GM3 STANDARD,2026-04-30,0.0,ARIMA,0.23369352780284927
A18110010472,SEAL KIT GM3 STANDARD,2026-05-31,0.0,ARIMA,0.23369352780284927
A18110010472,SEAL KIT GM3 STANDARD,2026-06-30,0.0,ARIMA,0.23369352780284927
A18110010472,SEAL KIT GM3 STANDARD,2026-07-31,0.0,ARIMA,0.23369352780284927
A18110010472,SEAL KIT GM3 STANDARD,2026-08-31,0.0,ARIMA,0.23369352780284927
A18110010472,SEAL KIT GM3 STANDARD,2026-09-30,0.0,ARIMA,0.23369352780284927
A18110010535,SNAP RING 83643 5103-200H,2025-10-31,0.0,ARIMA,1.3650867008935162e-17
A18110010535,SNAP RING 83643 5103-200H,2025-11-30,0.0,ARIMA,1.3650867008935162e-17
A18110010535,SNAP RING 83643 5103-200H,2025-12-31,0.0,ARIMA,1.3650867008935162e-17
A18110010535,SNAP RING 83643 5103-200H,2026-01-31,0.0,ARIMA,1.3650867008935162e-17
A18110010535,SNAP RING 83643 5103-200H,2026-02-28,0.0,ARIMA,1.3650867008935162e-17
A18110010535,SNAP RING 83643 5103-200H,2026-03-31,0.0,ARIMA,1.3650867008935162e-17
A18110010535,SNAP RING 83643 5103-200H,2026-04-30,0.0,ARIMA,1.3650867008935162e-17
A18110010535,SNAP RING 83643 5103-200H,2026-05-31,0.0,ARIMA,1.3650867008935162e-17
A18110010535,SNAP RING 83643 5103-200H,2026-06-30,0.0,ARIMA,1.3650867008935162e-17
A18110010535,SNAP RING 83643 5103-200H,2026-07-31,0.0,ARIMA,1.3650867008935162e-17
A18110010535,SNAP RING 83643 5103-200H,2026-08-31,0.0,ARIMA,1.3650867008935162e-17
A18110010535,SNAP RING 83643 5103-200H,2026-09-30,0.0,ARIMA,1.3650867008935162e-17
A18110010629,VALVULA ALIVIO A/N 590283,2025-10-31,0.0,ARIMA,0.6666666666666666
A18110010629,VALVULA ALIVIO A/N 590283,2025-11-30,0.0,ARIMA,0.6666666666666666
A18110010629,VALVULA ALIVIO A/N 590283,2025-12-31,0.0,ARIMA,0.6666666666666666
A18110010629,VALVULA ALIVIO A/N 590283,2026-01-31,0.0,ARIMA,0.6666666666666666
A18110010629,VALVULA ALIVIO A/N 590283,2026-02-28,0.0,ARIMA,0.6666666666666666
A18110010629,VALVULA ALIVIO A/N 590283,2026-03-31,0.0,ARIMA,0.6666666666666666
A18110010629,VALVULA ALIVIO A/N 590283,2026-04-30,0.0,ARIMA,0.6666666666666666
A18110010629,VALVULA ALIVIO A/N 590283,2026-05-31,0.0,ARIMA,0.6666666666666666
A18110010629,VALVULA ALIVIO A/N 590283,2026-06-30,0.0,ARIMA,0.6666666666666666
A18110010629,VALVULA ALIVIO A/N 590283,2026-07-31,0.0,ARIMA,0.6666666666666666
A18110010629,VALVULA ALIVIO A/N 590283,2026-08-31,0.0,ARIMA,0.6666666666666666
A18110010629,VALVULA ALIVIO A/N 590283,2026-09-30,0.0,ARIMA,0.6666666666666666
A18130005891,RET-RING,2025-10-31,6.0,XGBoost,4.242606358741696
A18130005891,RET-RING,2025-11-30,6.0,XGBoost,4.242606358741696
A18130005891,RET-RING,2025-12-31,6.0,XGBoost,4.242606358741696
A18130005891,RET-RING,2026-01-31,0.0,XGBoost,4.242606358741696
A18130005891,RET-RING,2026-02-28,0.0,XGBoost,4.242606358741696
A18130005891,RET-RING,2026-03-31,3.0,XGBoost,4.242606358741696
A18130005891,RET-RING,2026-04-30,9.0,XGBoost,4.242606358741696
A18130005891,RET-RING,2026-05-31,0.0,XGBoost,4.242606358741696
A18130005891,RET-RING,2026-06-30,6.0,XGBoost,4.242606358741696
A18130005891,RET-RING,2026-07-31,0.0,XGBoost,4.242606358741696
A18130005891,RET-RING,2026-08-31,0.0,XGBoost,4.242606358741696
A18130005891,RET-RING,2026-09-30,6.0,XGBoost,4.242606358741696
A18120000078,BRIDA SOLD. 1.1/2  1935-61-24-24,2025-10-31,26.0,XGBoost,9.195119491778314e-05
A18120000078,BRIDA SOLD. 1.1/2  1935-61-24-24,2025-11-30,0.0,XGBoost,9.195119491778314e-05
A18120000078,BRIDA SOLD. 1.1/2  1935-61-24-24,2025-12-31,0.0,XGBoost,9.195119491778314e-05
A18120000078,BRIDA SOLD. 1.1/2  1935-61-24-24,2026-01-31,0.0,XGBoost,9.195119491778314e-05
A18120000078,BRIDA SOLD. 1.1/2  1935-61-24-24,2026-02-28,0.0,XGBoost,9.195119491778314e-05
A18120000078,BRIDA SOLD. 1.1/2  1935-61-24-24,2026-03-31,0.0,XGBoost,9.195119491778314e-05
A18120000078,BRIDA SOLD. 1.1/2  1935-61-24-24,2026-04-30,0.0,XGBoost,9.195119491778314e-05
A18120000078,BRIDA SOLD. 1.1/2  1935-61-24-24,2026-05-31,0.0,XGBoost,9.195119491778314e-05
A18120000078,BRIDA SOLD. 1.1/2  1935-61-24-24,2026-06-30,0.0,XGBoost,9.195119491778314e-05
A18120000078,BRIDA SOLD. 1.1/2  1935-61-24-24,2026-07-31,0.0,XGBoost,9.195119491778314e-05
A18120000078,BRIDA SOLD. 1.1/2  1935-61-24-24,2026-08-31,0.0,XGBoost,9.195119491778314e-05
A18120000078,BRIDA SOLD. 1.1/2  1935-61-24-24,2026-09-30,0.0,XGBoost,9.195119491778314e-05
A18130006783,CARTRIDGE KIT 4535VQ***38,2025-10-31,0.0,ARIMA,1.031573410239864
A18130006783,CARTRIDGE KIT 4535VQ***38,2025-11-30,0.0,ARIMA,1.031573410239864
A18130006783,CARTRIDGE KIT 4535VQ***38,2025-12-31,0.0,ARIMA,1.031573410239864
A18130006783,CARTRIDGE KIT 4535VQ***38,2026-01-31,0.0,ARIMA,1.031573410239864
A18130006783,CARTRIDGE KIT 4535VQ***38,2026-02-28,0.0,ARIMA,1.031573410239864
A18130006783,CARTRIDGE KIT 4535VQ***38,2026-03-31,0.0,ARIMA,1.031573410239864
A18130006783,CARTRIDGE KIT 4535VQ***38,2026-04-30,0.0,ARIMA,1.031573410239864
A18130006783,CARTRIDGE KIT 4535VQ***38,2026-05-31,0.0,ARIMA,1.031573410239864
A18130006783,CARTRIDGE KIT 4535VQ***38,2026-06-30,0.0,ARIMA,1.031573410239864
A18130006783,CARTRIDGE KIT 4535VQ***38,2026-07-31,0.0,ARIMA,1.031573410239864
A18130006783,CARTRIDGE KIT 4535VQ***38,2026-08-31,0.0,ARIMA,1.031573410239864
A18130006783,CARTRIDGE KIT 4535VQ***38,2026-09-30,0.0,ARIMA,1.031573410239864
A18130007394,CARTRIDGE KIT 46M-185 923109 VICKERS,2025-10-31,0.0,Prophet,0.512962545219629
A18130007394,CARTRIDGE KIT 46M-185 923109 VICKERS,2025-11-30,2.0,Prophet,0.512962545219629
A18130007394,CARTRIDGE KIT 46M-185 923109 VICKERS,2025-12-31,0.0,Prophet,0.512962545219629
A18130007394,CARTRIDGE KIT 46M-185 923109 VICKERS,2026-01-31,1.0,Prophet,0.512962545219629
A18130007394,CARTRIDGE KIT 46M-185 923109 VICKERS,2026-02-28,0.0,Prophet,0.512962545219629
A18130007394,CARTRIDGE KIT 46M-185 923109 VICKERS,2026-03-31,0.0,Prophet,0.512962545219629
A18130007394,CARTRIDGE KIT 46M-185 923109 VICKERS,2026-04-30,0.0,Prophet,0.512962545219629
A18130007394,CARTRIDGE KIT 46M-185 923109 VICKERS,2026-05-31,0.0,Prophet,0.512962545219629
A18130007394,CARTRIDGE KIT 46M-185 923109 VICKERS,2026-06-30,0.0,Prophet,0.512962545219629
A18130007394,CARTRIDGE KIT 46M-185 923109 VICKERS,2026-07-31,1.0,Prophet,0.512962545219629
A18130007394,CARTRIDGE KIT 46M-185 923109 VICKERS,2026-08-31,0.0,Prophet,0.512962545219629
A18130007394,CARTRIDGE KIT 46M-185 923109 VICKERS,2026-09-30,0.0,Prophet,0.512962545219629
A18110009128,HELM PUMP KOBELT 2 - 6 CU. INCHES/REV.,2025-10-31,0.0,ARIMA,0.055611045040230386
A18110009128,HELM PUMP KOBELT 2 - 6 CU. INCHES/REV.,2025-11-30,0.0,ARIMA,0.055611045040230386
A18110009128,HELM PUMP KOBELT 2 - 6 CU. INCHES/REV.,2025-12-31,0.0,ARIMA,0.055611045040230386
A18110009128,HELM PUMP KOBELT 2 - 6 CU. INCHES/REV.,2026-01-31,0.0,ARIMA,0.055611045040230386
A18110009128,HELM PUMP KOBELT 2 - 6 CU. INCHES/REV.,2026-02-28,0.0,ARIMA,0.055611045040230386
A18110009128,HELM PUMP KOBELT 2 - 6 CU. INCHES/REV.,2026-03-31,0.0,ARIMA,0.055611045040230386
A18110009128,HELM PUMP KOBELT 2 - 6 CU. INCHES/REV.,2026-04-30,0.0,ARIMA,0.055611045040230386
A18110009128,HELM PUMP KOBELT 2 - 6 CU. INCHES/REV.,2026-05-31,0.0,ARIMA,0.055611045040230386
A18110009128,HELM PUMP KOBELT 2 - 6 CU. INCHES/REV.,2026-06-30,0.0,ARIMA,0.055611045040230386
A18110009128,HELM PUMP KOBELT 2 - 6 CU. INCHES/REV.,2026-07-31,0.0,ARIMA,0.055611045040230386
A18110009128,HELM PUMP KOBELT 2 - 6 CU. INCHES/REV.,2026-08-31,0.0,ARIMA,0.055611045040230386
A18110009128,HELM PUMP KOBELT 2 - 6 CU. INCHES/REV.,2026-09-30,0.0,ARIMA,0.055611045040230386
A18110008814,ADAPTER 2404-04-02,2025-10-31,0.0,ARIMA,8.333333333333334
A18110008814,ADAPTER 2404-04-02,2025-11-30,0.0,ARIMA,8.333333333333334
A18110008814,ADAPTER 2404-04-02,2025-12-31,0.0,ARIMA,8.333333333333334
A18110008814,ADAPTER 2404-04-02,2026-01-31,0.0,ARIMA,8.333333333333334
A18110008814,ADAPTER 2404-04-02,2026-02-28,0.0,ARIMA,8.333333333333334
A18110008814,ADAPTER 2404-04-02,2026-03-31,0.0,ARIMA,8.333333333333334
A18110008814,ADAPTER 2404-04-02,2026-04-30,0.0,ARIMA,8.333333333333334
A18110008814,ADAPTER 2404-04-02,2026-05-31,0.0,ARIMA,8.333333333333334
A18110008814,ADAPTER 2404-04-02,2026-06-30,0.0,ARIMA,8.333333333333334
A18110008814,ADAPTER 2404-04-02,2026-07-31,0.0,ARIMA,8.333333333333334
A18110008814,ADAPTER 2404-04-02,2026-08-31,0.0,ARIMA,8.333333333333334
A18110008814,ADAPTER 2404-04-02,2026-09-30,0.0,ARIMA,8.333333333333334
A18110008705,ADAPTER 1501-04-04,2025-10-31,0.0,ARIMA,0.34614753067342946
A18110008705,ADAPTER 1501-04-04,2025-11-30,0.0,ARIMA,0.34614753067342946
A18110008705,ADAPTER 1501-04-04,2025-12-31,0.0,ARIMA,0.34614753067342946
A18110008705,ADAPTER 1501-04-04,2026-01-31,0.0,ARIMA,0.34614753067342946
A18110008705,ADAPTER 1501-04-04,2026-02-28,0.0,ARIMA,0.34614753067342946
A18110008705,ADAPTER 1501-04-04,2026-03-31,0.0,ARIMA,0.34614753067342946
A18110008705,ADAPTER 1501-04-04,2026-04-30,0.0,ARIMA,0.34614753067342946
A18110008705,ADAPTER 1501-04-04,2026-05-31,0.0,ARIMA,0.34614753067342946
A18110008705,ADAPTER 1501-04-04,2026-06-30,0.0,ARIMA,0.34614753067342946
A18110008705,ADAPTER 1501-04-04,2026-07-31,0.0,ARIMA,0.34614753067342946
A18110008705,ADAPTER 1501-04-04,2026-08-31,0.0,ARIMA,0.34614753067342946
A18110008705,ADAPTER 1501-04-04,2026-09-30,0.0,ARIMA,0.34614753067342946
A18110009031,ROTARY SPOOL KIT HC-D12 (SK-MP-549),2025-10-31,1.0,SARIMA,1.9106994753141304
A18110009031,ROTARY SPOOL KIT HC-D12 (SK-MP-549),2025-11-30,0.0,SARIMA,1.9106994753141304
A18110009031,ROTARY SPOOL KIT HC-D12 (SK-MP-549),2025-12-31,5.0,SARIMA,1.9106994753141304
A18110009031,ROTARY SPOOL KIT HC-D12 (SK-MP-549),2026-01-31,0.0,SARIMA,1.9106994753141304
A18110009031,ROTARY SPOOL KIT HC-D12 (SK-MP-549),2026-02-28,1.0,SARIMA,1.9106994753141304
A18110009031,ROTARY SPOOL KIT HC-D12 (SK-MP-549),2026-03-31,1.0,SARIMA,1.9106994753141304
A18110009031,ROTARY SPOOL KIT HC-D12 (SK-MP-549),2026-04-30,5.0,SARIMA,1.9106994753141304
A18110009031,ROTARY SPOOL KIT HC-D12 (SK-MP-549),2026-05-31,0.0,SARIMA,1.9106994753141304
A18110009031,ROTARY SPOOL KIT HC-D12 (SK-MP-549),2026-06-30,1.0,SARIMA,1.9106994753141304
A18110009031,ROTARY SPOOL KIT HC-D12 (SK-MP-549),2026-07-31,1.0,SARIMA,1.9106994753141304
A18110009031,ROTARY SPOOL KIT HC-D12 (SK-MP-549),2026-08-31,5.0,SARIMA,1.9106994753141304
A18110009031,ROTARY SPOOL KIT HC-D12 (SK-MP-549),2026-09-30,0.0,SARIMA,1.9106994753141304
A18110009021,SEAL KIT D25 CODE JSP10900082,2025-10-31,0.0,ARIMA,1.113220243910501
A18110009021,SEAL KIT D25 CODE JSP10900082,2025-11-30,1.0,ARIMA,1.113220243910501
A18110009021,SEAL KIT D25 CODE JSP10900082,2025-12-31,0.0,ARIMA,1.113220243910501
A18110009021,SEAL KIT D25 CODE JSP10900082,2026-01-31,0.0,ARIMA,1.113220243910501
A18110009021,SEAL KIT D25 CODE JSP10900082,2026-02-28,1.0,ARIMA,1.113220243910501
A18110009021,SEAL KIT D25 CODE JSP10900082,2026-03-31,1.0,ARIMA,1.113220243910501
A18110009021,SEAL KIT D25 CODE JSP10900082,2026-04-30,1.0,ARIMA,1.113220243910501
A18110009021,SEAL KIT D25 CODE JSP10900082,2026-05-31,1.0,ARIMA,1.113220243910501
A18110009021,SEAL KIT D25 CODE JSP10900082,2026-06-30,0.0,ARIMA,1.113220243910501
A18110009021,SEAL KIT D25 CODE JSP10900082,2026-07-31,1.0,ARIMA,1.113220243910501
A18110009021,SEAL KIT D25 CODE JSP10900082,2026-08-31,1.0,ARIMA,1.113220243910501
A18110009021,SEAL KIT D25 CODE JSP10900082,2026-09-30,1.0,ARIMA,1.113220243910501
A18130005688,MOTOR CHARLYN 29.9 CU.IN./REV,2025-10-31,0.0,ARIMA,0.7040091936288544
A18130005688,MOTOR CHARLYN 29.9 CU.IN./REV,2025-11-30,0.0,ARIMA,0.7040091936288544
A18130005688,MOTOR CHARLYN 29.9 CU.IN./REV,2025-12-31,0.0,ARIMA,0.7040091936288544
A18130005688,MOTOR CHARLYN 29.9 CU.IN./REV,2026-01-31,0.0,ARIMA,0.7040091936288544
A18130005688,MOTOR CHARLYN 29.9 CU.IN./REV,2026-02-28,0.0,ARIMA,0.7040091936288544
A18130005688,MOTOR CHARLYN 29.9 CU.IN./REV,2026-03-31,0.0,ARIMA,0.7040091936288544
A18130005688,MOTOR CHARLYN 29.9 CU.IN./REV,2026-04-30,0.0,ARIMA,0.7040091936288544
A18130005688,MOTOR CHARLYN 29.9 CU.IN./REV,2026-05-31,0.0,ARIMA,0.7040091936288544
A18130005688,MOTOR CHARLYN 29.9 CU.IN./REV,2026-06-30,0.0,ARIMA,0.7040091936288544
A18130005688,MOTOR CHARLYN 29.9 CU.IN./REV,2026-07-31,0.0,ARIMA,0.7040091936288544
A18130005688,MOTOR CHARLYN 29.9 CU.IN./REV,2026-08-31,0.0,ARIMA,0.7040091936288544
A18130005688,MOTOR CHARLYN 29.9 CU.IN./REV,2026-09-30,0.0,ARIMA,0.7040091936288544
A19010000150,SHAFT SEAL GM3A 60-75-8,2025-10-31,0.0,ARIMA,3.027209559867463e-65
A19010000150,SHAFT SEAL GM3A 60-75-8,2025-11-30,0.0,ARIMA,3.027209559867463e-65
A19010000150,SHAFT SEAL GM3A 60-75-8,2025-12-31,0.0,ARIMA,3.027209559867463e-65
A19010000150,SHAFT SEAL GM3A 60-75-8,2026-01-31,0.0,ARIMA,3.027209559867463e-65
A19010000150,SHAFT SEAL GM3A 60-75-8,2026-02-28,0.0,ARIMA,3.027209559867463e-65
A19010000150,SHAFT SEAL GM3A 60-75-8,2026-03-31,0.0,ARIMA,3.027209559867463e-65
A19010000150,SHAFT SEAL GM3A 60-75-8,2026-04-30,0.0,ARIMA,3.027209559867463e-65
A19010000150,SHAFT SEAL GM3A 60-75-8,2026-05-31,0.0,ARIMA,3.027209559867463e-65
A19010000150,SHAFT SEAL GM3A 60-75-8,2026-06-30,0.0,ARIMA,3.027209559867463e-65
A19010000150,SHAFT SEAL GM3A 60-75-8,2026-07-31,0.0,ARIMA,3.027209559867463e-65
A19010000150,SHAFT SEAL GM3A 60-75-8,2026-08-31,0.0,ARIMA,3.027209559867463e-65
A19010000150,SHAFT SEAL GM3A 60-75-8,2026-09-30,0.0,ARIMA,3.027209559867463e-65
A18110010462,SEAL KIT GM3A-INT.B30,2025-10-31,0.0,XGBoost,0.0016880211563751438
A18110010462,SEAL KIT GM3A-INT.B30,2025-11-30,0.0,XGBoost,0.0016880211563751438
A18110010462,SEAL KIT GM3A-INT.B30,2025-12-31,0.0,XGBoost,0.0016880211563751438
A18110010462,SEAL KIT GM3A-INT.B30,2026-01-31,0.0,XGBoost,0.0016880211563751438
A18110010462,SEAL KIT GM3A-INT.B30,2026-02-28,0.0,XGBoost,0.0016880211563751438
A18110010462,SEAL KIT GM3A-INT.B30,2026-03-31,0.0,XGBoost,0.0016880211563751438
A18110010462,SEAL KIT GM3A-INT.B30,2026-04-30,0.0,XGBoost,0.0016880211563751438
A18110010462,SEAL KIT GM3A-INT.B30,2026-05-31,0.0,XGBoost,0.0016880211563751438
A18110010462,SEAL KIT GM3A-INT.B30,2026-06-30,0.0,XGBoost,0.0016880211563751438
A18110010462,SEAL KIT GM3A-INT.B30,2026-07-31,0.0,XGBoost,0.0016880211563751438
A18110010462,SEAL KIT GM3A-INT.B30,2026-08-31,0.0,XGBoost,0.0016880211563751438
A18110010462,SEAL KIT GM3A-INT.B30,2026-09-30,1.0,XGBoost,0.0016880211563751438
A18110008706,ADAPTER 1503-12-12,2025-10-31,0.0,ARIMA,0.46844142542422296
A18110008706,ADAPTER 1503-12-12,2025-11-30,0.0,ARIMA,0.46844142542422296
A18110008706,ADAPTER 1503-12-12,2025-12-31,0.0,ARIMA,0.46844142542422296
A18110008706,ADAPTER 1503-12-12,2026-01-31,0.0,ARIMA,0.46844142542422296
A18110008706,ADAPTER 1503-12-12,2026-02-28,0.0,ARIMA,0.46844142542422296
A18110008706,ADAPTER 1503-12-12,2026-03-31,0.0,ARIMA,0.46844142542422296
A18110008706,ADAPTER 1503-12-12,2026-04-30,0.0,ARIMA,0.46844142542422296
A18110008706,ADAPTER 1503-12-12,2026-05-31,0.0,ARIMA,0.46844142542422296
A18110008706,ADAPTER 1503-12-12,2026-06-30,0.0,ARIMA,0.46844142542422296
A18110008706,ADAPTER 1503-12-12,2026-07-31,0.0,ARIMA,0.46844142542422296
A18110008706,ADAPTER 1503-12-12,2026-08-31,0.0,ARIMA,0.46844142542422296
A18110008706,ADAPTER 1503-12-12,2026-09-30,0.0,ARIMA,0.46844142542422296
A18130007081,ADAPTER 1404-06-06,2025-10-31,0.0,RandomForest,0.8830754340497885
A18130007081,ADAPTER 1404-06-06,2025-11-30,0.0,RandomForest,0.8830754340497885
A18130007081,ADAPTER 1404-06-06,2025-12-31,0.0,RandomForest,0.8830754340497885
A18130007081,ADAPTER 1404-06-06,2026-01-31,0.0,RandomForest,0.8830754340497885
A18130007081,ADAPTER 1404-06-06,2026-02-28,0.0,RandomForest,0.8830754340497885
A18130007081,ADAPTER 1404-06-06,2026-03-31,0.0,RandomForest,0.8830754340497885
A18130007081,ADAPTER 1404-06-06,2026-04-30,0.0,RandomForest,0.8830754340497885
A18130007081,ADAPTER 1404-06-06,2026-05-31,0.0,RandomForest,0.8830754340497885
A18130007081,ADAPTER 1404-06-06,2026-06-30,0.0,RandomForest,0.8830754340497885
A18130007081,ADAPTER 1404-06-06,2026-07-31,0.0,RandomForest,0.8830754340497885
A18130007081,ADAPTER 1404-06-06,2026-08-31,0.0,RandomForest,0.8830754340497885
A18130007081,ADAPTER 1404-06-06,2026-09-30,1.0,RandomForest,0.8830754340497885
A18130007815,BOMBA SIMPLE A/N 394450-3,2025-10-31,1.0,XGBoost,0.66591713755389
A18130007815,BOMBA SIMPLE A/N 394450-3,2025-11-30,3.0,XGBoost,0.66591713755389
A18130007815,BOMBA SIMPLE A/N 394450-3,2025-12-31,0.0,XGBoost,0.66591713755389
A18130007815,BOMBA SIMPLE A/N 394450-3,2026-01-31,0.0,XGBoost,0.66591713755389
A18130007815,BOMBA SIMPLE A/N 394450-3,2026-02-28,0.0,XGBoost,0.66591713755389
A18130007815,BOMBA SIMPLE A/N 394450-3,2026-03-31,0.0,XGBoost,0.66591713755389
A18130007815,BOMBA SIMPLE A/N 394450-3,2026-04-30,2.0,XGBoost,0.66591713755389
A18130007815,BOMBA SIMPLE A/N 394450-3,2026-05-31,0.0,XGBoost,0.66591713755389
A18130007815,BOMBA SIMPLE A/N 394450-3,2026-06-30,0.0,XGBoost,0.66591713755389
A18130007815,BOMBA SIMPLE A/N 394450-3,2026-07-31,0.0,XGBoost,0.66591713755389
A18130007815,BOMBA SIMPLE A/N 394450-3,2026-08-31,0.0,XGBoost,0.66591713755389
A18130007815,BOMBA SIMPLE A/N 394450-3,2026-09-30,0.0,XGBoost,0.66591713755389
A18110010345,SEAL  11446       15209 H1L5,2025-10-31,0.0,XGBoost,1.999960227560654
A18110010345,SEAL  11446       15209 H1L5,2025-11-30,0.0,XGBoost,1.999960227560654
A18110010345,SEAL  11446       15209 H1L5,2025-12-31,0.0,XGBoost,1.999960227560654
A18110010345,SEAL  11446       15209 H1L5,2026-01-31,6.0,XGBoost,1.999960227560654
A18110010345,SEAL  11446       15209 H1L5,2026-02-28,0.0,XGBoost,1.999960227560654
A18110010345,SEAL  11446       15209 H1L5,2026-03-31,0.0,XGBoost,1.999960227560654
A18110010345,SEAL  11446       15209 H1L5,2026-04-30,0.0,XGBoost,1.999960227560654
A18110010345,SEAL  11446       15209 H1L5,2026-05-31,0.0,XGBoost,1.999960227560654
A18110010345,SEAL  11446       15209 H1L5,2026-06-30,0.0,XGBoost,1.999960227560654
A18110010345,SEAL  11446       15209 H1L5,2026-07-31,0.0,XGBoost,1.999960227560654
A18110010345,SEAL  11446       15209 H1L5,2026-08-31,0.0,XGBoost,1.999960227560654
A18110010345,SEAL  11446       15209 H1L5,2026-09-30,0.0,XGBoost,1.999960227560654
A18110000391,SEAL KIT 6000 STD & WHEEL,2025-10-31,0.0,ARIMA,2.315842078246494e-21
A18110000391,SEAL KIT 6000 STD & WHEEL,2025-11-30,0.0,ARIMA,2.315842078246494e-21
A18110000391,SEAL KIT 6000 STD & WHEEL,2025-12-31,0.0,ARIMA,2.315842078246494e-21
A18110000391,SEAL KIT 6000 STD & WHEEL,2026-01-31,0.0,ARIMA,2.315842078246494e-21
A18110000391,SEAL KIT 6000 STD & WHEEL,2026-02-28,0.0,ARIMA,2.315842078246494e-21
A18110000391,SEAL KIT 6000 STD & WHEEL,2026-03-31,0.0,ARIMA,2.315842078246494e-21
A18110000391,SEAL KIT 6000 STD & WHEEL,2026-04-30,0.0,ARIMA,2.315842078246494e-21
A18110000391,SEAL KIT 6000 STD & WHEEL,2026-05-31,0.0,ARIMA,2.315842078246494e-21
A18110000391,SEAL KIT 6000 STD & WHEEL,2026-06-30,0.0,ARIMA,2.315842078246494e-21
A18110000391,SEAL KIT 6000 STD & WHEEL,2026-07-31,0.0,ARIMA,2.315842078246494e-21
A18110000391,SEAL KIT 6000 STD & WHEEL,2026-08-31,0.0,ARIMA,2.315842078246494e-21
A18110000391,SEAL KIT 6000 STD & WHEEL,2026-09-30,0.0,ARIMA,2.315842078246494e-21
A18110000362,SEAL KIT 10000 BEARINGLESS,2025-10-31,0.0,Prophet,0.5749209912560429
A18110000362,SEAL KIT 10000 BEARINGLESS,2025-11-30,0.0,Prophet,0.5749209912560429
A18110000362,SEAL KIT 10000 BEARINGLESS,2025-12-31,0.0,Prophet,0.5749209912560429
A18110000362,SEAL KIT 10000 BEARINGLESS,2026-01-31,0.0,Prophet,0.5749209912560429
A18110000362,SEAL KIT 10000 BEARINGLESS,2026-02-28,0.0,Prophet,0.5749209912560429
A18110000362,SEAL KIT 10000 BEARINGLESS,2026-03-31,1.0,Prophet,0.5749209912560429
A18110000362,SEAL KIT 10000 BEARINGLESS,2026-04-30,0.0,Prophet,0.5749209912560429
A18110000362,SEAL KIT 10000 BEARINGLESS,2026-05-31,0.0,Prophet,0.5749209912560429
A18110000362,SEAL KIT 10000 BEARINGLESS,2026-06-30,0.0,Prophet,0.5749209912560429
A18110000362,SEAL KIT 10000 BEARINGLESS,2026-07-31,0.0,Prophet,0.5749209912560429
A18110000362,SEAL KIT 10000 BEARINGLESS,2026-08-31,1.0,Prophet,0.5749209912560429
A18110000362,SEAL KIT 10000 BEARINGLESS,2026-09-30,1.0,Prophet,0.5749209912560429
A18110008987,FILTER ELEMENT 7886001,2025-10-31,0.0,ARIMA,1.897876397392787
A18110008987,FILTER ELEMENT 7886001,2025-11-30,0.0,ARIMA,1.897876397392787
A18110008987,FILTER ELEMENT 7886001,2025-12-31,0.0,ARIMA,1.897876397392787
A18110008987,FILTER ELEMENT 7886001,2026-01-31,0.0,ARIMA,1.897876397392787
A18110008987,FILTER ELEMENT 7886001,2026-02-28,0.0,ARIMA,1.897876397392787
A18110008987,FILTER ELEMENT 7886001,2026-03-31,0.0,ARIMA,1.897876397392787
A18110008987,FILTER ELEMENT 7886001,2026-04-30,0.0,ARIMA,1.897876397392787
A18110008987,FILTER ELEMENT 7886001,2026-05-31,0.0,ARIMA,1.897876397392787
A18110008987,FILTER ELEMENT 7886001,2026-06-30,0.0,ARIMA,1.897876397392787
A18110008987,FILTER ELEMENT 7886001,2026-07-31,0.0,ARIMA,1.897876397392787
A18110008987,FILTER ELEMENT 7886001,2026-08-31,0.0,ARIMA,1.897876397392787
A18110008987,FILTER ELEMENT 7886001,2026-09-30,0.0,ARIMA,1.897876397392787
A19010000341,SPOOL D40 TND  CODE 421210007,2025-10-31,1.0,ARIMA,1.3107142093513313
A19010000341,SPOOL D40 TND  CODE 421210007,2025-11-30,1.0,ARIMA,1.3107142093513313
A19010000341,SPOOL D40 TND  CODE 421210007,2025-12-31,1.0,ARIMA,1.3107142093513313
A19010000341,SPOOL D40 TND  CODE 421210007,2026-01-31,2.0,ARIMA,1.3107142093513313
A19010000341,SPOOL D40 TND  CODE 421210007,2026-02-28,2.0,ARIMA,1.3107142093513313
A19010000341,SPOOL D40 TND  CODE 421210007,2026-03-31,2.0,ARIMA,1.3107142093513313
A19010000341,SPOOL D40 TND  CODE 421210007,2026-04-30,1.0,ARIMA,1.3107142093513313
A19010000341,SPOOL D40 TND  CODE 421210007,2026-05-31,1.0,ARIMA,1.3107142093513313
A19010000341,SPOOL D40 TND  CODE 421210007,2026-06-30,2.0,ARIMA,1.3107142093513313
A19010000341,SPOOL D40 TND  CODE 421210007,2026-07-31,2.0,ARIMA,1.3107142093513313
A19010000341,SPOOL D40 TND  CODE 421210007,2026-08-31,2.0,ARIMA,1.3107142093513313
A19010000341,SPOOL D40 TND  CODE 421210007,2026-09-30,2.0,ARIMA,1.3107142093513313
A18130007396,SEAL KIT 26M,2025-10-31,1.0,SARIMA,1.2781353978860097
A18130007396,SEAL KIT 26M,2025-11-30,2.0,SARIMA,1.2781353978860097
A18130007396,SEAL KIT 26M,2025-12-31,1.0,SARIMA,1.2781353978860097
A18130007396,SEAL KIT 26M,2026-01-31,1.0,SARIMA,1.2781353978860097
A18130007396,SEAL KIT 26M,2026-02-28,1.0,SARIMA,1.2781353978860097
A18130007396,SEAL KIT 26M,2026-03-31,1.0,SARIMA,1.2781353978860097
A18130007396,SEAL KIT 26M,2026-04-30,1.0,SARIMA,1.2781353978860097
A18130007396,SEAL KIT 26M,2026-05-31,1.0,SARIMA,1.2781353978860097
A18130007396,SEAL KIT 26M,2026-06-30,1.0,SARIMA,1.2781353978860097
A18130007396,SEAL KIT 26M,2026-07-31,2.0,SARIMA,1.2781353978860097
A18130007396,SEAL KIT 26M,2026-08-31,1.0,SARIMA,1.2781353978860097
A18130007396,SEAL KIT 26M,2026-09-30,0.0,SARIMA,1.2781353978860097
A18110010544,SNAP RING  15210,2025-10-31,2.0,RandomForest,0.0
A18110010544,SNAP RING  15210,2025-11-30,0.0,RandomForest,0.0
A18110010544,SNAP RING  15210,2025-12-31,0.0,RandomForest,0.0
A18110010544,SNAP RING  15210,2026-01-31,0.0,RandomForest,0.0
A18110010544,SNAP RING  15210,2026-02-28,0.0,RandomForest,0.0
A18110010544,SNAP RING  15210,2026-03-31,0.0,RandomForest,0.0
A18110010544,SNAP RING  15210,2026-04-30,0.0,RandomForest,0.0
A18110010544,SNAP RING  15210,2026-05-31,0.0,RandomForest,0.0
A18110010544,SNAP RING  15210,2026-06-30,0.0,RandomForest,0.0
A18110010544,SNAP RING  15210,2026-07-31,0.0,RandomForest,0.0
A18110010544,SNAP RING  15210,2026-08-31,0.0,RandomForest,0.0
A18110010544,SNAP RING  15210,2026-09-30,0.0,RandomForest,0.0
A18130007817,BOMBA SIMPLE A/N 358357-3,2025-10-31,0.0,ARIMA,1.1337312856635045e-75
A18130007817,BOMBA SIMPLE A/N 358357-3,2025-11-30,0.0,ARIMA,1.1337312856635045e-75
A18130007817,BOMBA SIMPLE A/N 358357-3,2025-12-31,0.0,ARIMA,1.1337312856635045e-75
A18130007817,BOMBA SIMPLE A/N 358357-3,2026-01-31,0.0,ARIMA,1.1337312856635045e-75
A18130007817,BOMBA SIMPLE A/N 358357-3,2026-02-28,0.0,ARIMA,1.1337312856635045e-75
A18130007817,BOMBA SIMPLE A/N 358357-3,2026-03-31,0.0,ARIMA,1.1337312856635045e-75
A18130007817,BOMBA SIMPLE A/N 358357-3,2026-04-30,0.0,ARIMA,1.1337312856635045e-75
A18130007817,BOMBA SIMPLE A/N 358357-3,2026-05-31,0.0,ARIMA,1.1337312856635045e-75
A18130007817,BOMBA SIMPLE A/N 358357-3,2026-06-30,0.0,ARIMA,1.1337312856635045e-75
A18130007817,BOMBA SIMPLE A/N 358357-3,2026-07-31,0.0,ARIMA,1.1337312856635045e-75
A18130007817,BOMBA SIMPLE A/N 358357-3,2026-08-31,0.0,ARIMA,1.1337312856635045e-75
A18130007817,BOMBA SIMPLE A/N 358357-3,2026-09-30,0.0,ARIMA,1.1337312856635045e-75
A18130007224,CINTA ANTICORROSION 50MM X 10 MTS PETROWRAPE INNOVATIVE MFG INC,2025-10-31,6.0,RandomForest,0.0
A18130007224,CINTA ANTICORROSION 50MM X 10 MTS PETROWRAPE INNOVATIVE MFG INC,2025-11-30,0.0,RandomForest,0.0
A18130007224,CINTA ANTICORROSION 50MM X 10 MTS PETROWRAPE INNOVATIVE MFG INC,2025-12-31,0.0,RandomForest,0.0
A18130007224,CINTA ANTICORROSION 50MM X 10 MTS PETROWRAPE INNOVATIVE MFG INC,2026-01-31,0.0,RandomForest,0.0
A18130007224,CINTA ANTICORROSION 50MM X 10 MTS PETROWRAPE INNOVATIVE MFG INC,2026-02-28,0.0,RandomForest,0.0
A18130007224,CINTA ANTICORROSION 50MM X 10 MTS PETROWRAPE INNOVATIVE MFG INC,2026-03-31,0.0,RandomForest,0.0
A18130007224,CINTA ANTICORROSION 50MM X 10 MTS PETROWRAPE INNOVATIVE MFG INC,2026-04-30,0.0,RandomForest,0.0
A18130007224,CINTA ANTICORROSION 50MM X 10 MTS PETROWRAPE INNOVATIVE MFG INC,2026-05-31,0.0,RandomForest,0.0
A18130007224,CINTA ANTICORROSION 50MM X 10 MTS PETROWRAPE INNOVATIVE MFG INC,2026-06-30,0.0,RandomForest,0.0
A18130007224,CINTA ANTICORROSION 50MM X 10 MTS PETROWRAPE INNOVATIVE MFG INC,2026-07-31,0.0,RandomForest,0.0
A18130007224,CINTA ANTICORROSION 50MM X 10 MTS PETROWRAPE INNOVATIVE MFG INC,2026-08-31,0.0,RandomForest,0.0
A18130007224,CINTA ANTICORROSION 50MM X 10 MTS PETROWRAPE INNOVATIVE MFG INC,2026-09-30,0.0,RandomForest,0.0
A18110009285,SPRAY MULTIUSOS WD-40,2025-10-31,0.0,Prophet,1.7307562672775407
A18110009285,SPRAY MULTIUSOS WD-40,2025-11-30,0.0,Prophet,1.7307562672775407
A18110009285,SPRAY MULTIUSOS WD-40,2025-12-31,0.0,Prophet,1.7307562672775407
A18110009285,SPRAY MULTIUSOS WD-40,2026-01-31,1.0,Prophet,1.7307562672775407
A18110009285,SPRAY MULTIUSOS WD-40,2026-02-28,1.0,Prophet,1.7307562672775407
A18110009285,SPRAY MULTIUSOS WD-40,2026-03-31,2.0,Prophet,1.7307562672775407
A18110009285,SPRAY MULTIUSOS WD-40,2026-04-30,1.0,Prophet,1.7307562672775407
A18110009285,SPRAY MULTIUSOS WD-40,2026-05-31,1.0,Prophet,1.7307562672775407
A18110009285,SPRAY MULTIUSOS WD-40,2026-06-30,1.0,Prophet,1.7307562672775407
A18110009285,SPRAY MULTIUSOS WD-40,2026-07-31,1.0,Prophet,1.7307562672775407
A18110009285,SPRAY MULTIUSOS WD-40,2026-08-31,1.0,Prophet,1.7307562672775407
A18110009285,SPRAY MULTIUSOS WD-40,2026-09-30,1.0,Prophet,1.7307562672775407
A18110008819,MOTOR CHARLYNN 24.0 CU.IN./REV.,2025-10-31,0.0,Prophet,0.8754000476345419
A18110008819,MOTOR CHARLYNN 24.0 CU.IN./REV.,2025-11-30,1.0,Prophet,0.8754000476345419
A18110008819,MOTOR CHARLYNN 24.0 CU.IN./REV.,2025-12-31,0.0,Prophet,0.8754000476345419
A18110008819,MOTOR CHARLYNN 24.0 CU.IN./REV.,2026-01-31,2.0,Prophet,0.8754000476345419
A18110008819,MOTOR CHARLYNN 24.0 CU.IN./REV.,2026-02-28,1.0,Prophet,0.8754000476345419
A18110008819,MOTOR CHARLYNN 24.0 CU.IN./REV.,2026-03-31,1.0,Prophet,0.8754000476345419
A18110008819,MOTOR CHARLYNN 24.0 CU.IN./REV.,2026-04-30,0.0,Prophet,0.8754000476345419
A18110008819,MOTOR CHARLYNN 24.0 CU.IN./REV.,2026-05-31,1.0,Prophet,0.8754000476345419
A18110008819,MOTOR CHARLYNN 24.0 CU.IN./REV.,2026-06-30,1.0,Prophet,0.8754000476345419
A18110008819,MOTOR CHARLYNN 24.0 CU.IN./REV.,2026-07-31,1.0,Prophet,0.8754000476345419
A18110008819,MOTOR CHARLYNN 24.0 CU.IN./REV.,2026-08-31,1.0,Prophet,0.8754000476345419
A18110008819,MOTOR CHARLYNN 24.0 CU.IN./REV.,2026-09-30,1.0,Prophet,0.8754000476345419
A18110008631,ADAPTER 6900-12-12-O,2025-10-31,0.0,ARIMA,0.7338959150912252
A18110008631,ADAPTER 6900-12-12-O,2025-11-30,0.0,ARIMA,0.7338959150912252
A18110008631,ADAPTER 6900-12-12-O,2025-12-31,0.0,ARIMA,0.7338959150912252
A18110008631,ADAPTER 6900-12-12-O,2026-01-31,0.0,ARIMA,0.7338959150912252
A18110008631,ADAPTER 6900-12-12-O,2026-02-28,0.0,ARIMA,0.7338959150912252
A18110008631,ADAPTER 6900-12-12-O,2026-03-31,0.0,ARIMA,0.7338959150912252
A18110008631,ADAPTER 6900-12-12-O,2026-04-30,0.0,ARIMA,0.7338959150912252
A18110008631,ADAPTER 6900-12-12-O,2026-05-31,0.0,ARIMA,0.7338959150912252
A18110008631,ADAPTER 6900-12-12-O,2026-06-30,0.0,ARIMA,0.7338959150912252
A18110008631,ADAPTER 6900-12-12-O,2026-07-31,0.0,ARIMA,0.7338959150912252
A18110008631,ADAPTER 6900-12-12-O,2026-08-31,0.0,ARIMA,0.7338959150912252
A18110008631,ADAPTER 6900-12-12-O,2026-09-30,0.0,ARIMA,0.7338959150912252
A18110008872,SEAL KIT 4000 STD & WHEEL,2025-10-31,0.0,ARIMA,1.572046371456614
A18110008872,SEAL KIT 4000 STD & WHEEL,2025-11-30,2.0,ARIMA,1.572046371456614
A18110008872,SEAL KIT 4000 STD & WHEEL,2025-12-31,0.0,ARIMA,1.572046371456614
A18110008872,SEAL KIT 4000 STD & WHEEL,2026-01-31,0.0,ARIMA,1.572046371456614
A18110008872,SEAL KIT 4000 STD & WHEEL,2026-02-28,1.0,ARIMA,1.572046371456614
A18110008872,SEAL KIT 4000 STD & WHEEL,2026-03-31,1.0,ARIMA,1.572046371456614
A18110008872,SEAL KIT 4000 STD & WHEEL,2026-04-30,1.0,ARIMA,1.572046371456614
A18110008872,SEAL KIT 4000 STD & WHEEL,2026-05-31,1.0,ARIMA,1.572046371456614
A18110008872,SEAL KIT 4000 STD & WHEEL,2026-06-30,0.0,ARIMA,1.572046371456614
A18110008872,SEAL KIT 4000 STD & WHEEL,2026-07-31,1.0,ARIMA,1.572046371456614
A18110008872,SEAL KIT 4000 STD & WHEEL,2026-08-31,1.0,ARIMA,1.572046371456614
A18110008872,SEAL KIT 4000 STD & WHEEL,2026-09-30,1.0,ARIMA,1.572046371456614
A18110001876,COUNTERBALANCE VALVE CARTRIDGE,2025-10-31,0.0,ARIMA,0.6666666666666666
A18110001876,COUNTERBALANCE VALVE CARTRIDGE,2025-11-30,0.0,ARIMA,0.6666666666666666
A18110001876,COUNTERBALANCE VALVE CARTRIDGE,2025-12-31,0.0,ARIMA,0.6666666666666666
A18110001876,COUNTERBALANCE VALVE CARTRIDGE,2026-01-31,0.0,ARIMA,0.6666666666666666
A18110001876,COUNTERBALANCE VALVE CARTRIDGE,2026-02-28,0.0,ARIMA,0.6666666666666666
A18110001876,COUNTERBALANCE VALVE CARTRIDGE,2026-03-31,0.0,ARIMA,0.6666666666666666
A18110001876,COUNTERBALANCE VALVE CARTRIDGE,2026-04-30,0.0,ARIMA,0.6666666666666666
A18110001876,COUNTERBALANCE VALVE CARTRIDGE,2026-05-31,0.0,ARIMA,0.6666666666666666
A18110001876,COUNTERBALANCE VALVE CARTRIDGE,2026-06-30,0.0,ARIMA,0.6666666666666666
A18110001876,COUNTERBALANCE VALVE CARTRIDGE,2026-07-31,0.0,ARIMA,0.6666666666666666
A18110001876,COUNTERBALANCE VALVE CARTRIDGE,2026-08-31,0.0,ARIMA,0.6666666666666666
A18110001876,COUNTERBALANCE VALVE CARTRIDGE,2026-09-30,0.0,ARIMA,0.6666666666666666
A18110000175,OIL SEAL 11409,2025-10-31,0.0,ARIMA,1.1705309875177072e-50
A18110000175,OIL SEAL 11409,2025-11-30,0.0,ARIMA,1.1705309875177072e-50
A18110000175,OIL SEAL 11409,2025-12-31,0.0,ARIMA,1.1705309875177072e-50
A18110000175,OIL SEAL 11409,2026-01-31,0.0,ARIMA,1.1705309875177072e-50
A18110000175,OIL SEAL 11409,2026-02-28,0.0,ARIMA,1.1705309875177072e-50
A18110000175,OIL SEAL 11409,2026-03-31,0.0,ARIMA,1.1705309875177072e-50
A18110000175,OIL SEAL 11409,2026-04-30,0.0,ARIMA,1.1705309875177072e-50
A18110000175,OIL SEAL 11409,2026-05-31,0.0,ARIMA,1.1705309875177072e-50
A18110000175,OIL SEAL 11409,2026-06-30,0.0,ARIMA,1.1705309875177072e-50
A18110000175,OIL SEAL 11409,2026-07-31,0.0,ARIMA,1.1705309875177072e-50
A18110000175,OIL SEAL 11409,2026-08-31,0.0,ARIMA,1.1705309875177072e-50
A18110000175,OIL SEAL 11409,2026-09-30,0.0,ARIMA,1.1705309875177072e-50
